Name,Crossing Number,Genus-3D,Bridge Index,Braid Index,Alexander
3_1,3,1,2,2,1-t+ t^2
4_1,4,1,2,3,1-3*t+ t^2
5_1,5,2,2,2,1-t+ t^2-t^3+ t^4
5_2,5,1,2,3,2-3*t+ 2*t^2
6_1,6,1,2,4,2-5*t+ 2*t^2
6_2,6,2,2,3,1-3*t+ 3*t^2-3*t^3+ t^4
6_3,6,2,2,3,1-3*t+ 5*t^2-3*t^3+ t^4
7_1,7,3,2,2,1-t+ t^2-t^3+ t^4-t^5+ t^6
7_2,7,1,2,4,3-5*t+ 3*t^2
7_3,7,2,2,3,2-3*t+ 3*t^2-3*t^3+ 2*t^4
7_4,7,1,2,4,4-7*t+ 4*t^2
7_5,7,2,2,3,2-4*t+ 5*t^2-4*t^3+ 2*t^4
7_6,7,2,2,4,1-5*t+ 7*t^2-5*t^3+ t^4
7_7,7,2,2,4,1-5*t+ 9*t^2-5*t^3+ t^4
8_1,8,1,2,5,3-7*t+ 3*t^2
8_2,8,3,2,3,1-3*t+ 3*t^2-3*t^3+ 3*t^4-3*t^5+ t^6
8_3,8,1,2,5,4-9*t+ 4*t^2
8_4,8,2,2,4,2-5*t+ 5*t^2-5*t^3+ 2*t^4
8_5,8,3,3,3,1-3*t+ 4*t^2-5*t^3+ 4*t^4-3*t^5+ t^6
8_6,8,2,2,4,2-6*t+ 7*t^2-6*t^3+ 2*t^4
8_7,8,3,2,3,1-3*t+ 5*t^2-5*t^3+ 5*t^4-3*t^5+ t^6
8_8,8,2,2,4,2-6*t+ 9*t^2-6*t^3+ 2*t^4
8_9,8,3,2,3,1-3*t+ 5*t^2-7*t^3+ 5*t^4-3*t^5+ t^6
8_10,8,3,3,3,1-3*t+ 6*t^2-7*t^3+ 6*t^4-3*t^5+ t^6
8_11,8,2,2,4,2-7*t+ 9*t^2-7*t^3+ 2*t^4
8_12,8,2,2,5,1-7*t+ 13*t^2-7*t^3+ t^4
8_13,8,2,2,4,2-7*t+ 11*t^2-7*t^3+ 2*t^4
8_14,8,2,2,4,2-8*t+ 11*t^2-8*t^3+ 2*t^4
8_15,8,2,3,4,3-8*t+ 11*t^2-8*t^3+ 3*t^4
8_16,8,3,3,3,1-4*t+ 8*t^2-9*t^3+ 8*t^4-4*t^5+ t^6
8_17,8,3,3,3,1-4*t+ 8*t^2-11*t^3+ 8*t^4-4*t^5+ t^6
8_18,8,3,3,3,1-5*t+ 10*t^2-13*t^3+ 10*t^4-5*t^5+ t^6
8_19,8,3,3,3,1-t+ t^3-t^5+ t^6
8_20,8,2,3,3,1-2*t+ 3*t^2-2*t^3+ t^4
8_21,8,2,3,3,1-4*t+ 5*t^2-4*t^3+ t^4
9_1,9,4,2,2,1-t+ t^2-t^3+ t^4-t^5+ t^6-t^7+ t^8
9_2,9,1,2,5,4-7*t+ 4*t^2
9_3,9,3,2,3,2-3*t+ 3*t^2-3*t^3+ 3*t^4-3*t^5+ 2*t^6
9_4,9,2,2,4,3-5*t+ 5*t^2-5*t^3+ 3*t^4
9_5,9,1,2,5,6-11*t+ 6*t^2
9_6,9,3,2,3,2-4*t+ 5*t^2-5*t^3+ 5*t^4-4*t^5+ 2*t^6
9_7,9,2,2,4,3-7*t+ 9*t^2-7*t^3+ 3*t^4
9_8,9,2,2,5,2-8*t+ 11*t^2-8*t^3+ 2*t^4
9_9,9,3,2,3,2-4*t+ 6*t^2-7*t^3+ 6*t^4-4*t^5+ 2*t^6
9_10,9,2,2,4,4-8*t+ 9*t^2-8*t^3+ 4*t^4
9_11,9,3,2,4,1-5*t+ 7*t^2-7*t^3+ 7*t^4-5*t^5+ t^6
9_12,9,2,2,5,2-9*t+ 13*t^2-9*t^3+ 2*t^4
9_13,9,2,2,4,4-9*t+ 11*t^2-9*t^3+ 4*t^4
9_14,9,2,2,5,2-9*t+ 15*t^2-9*t^3+ 2*t^4
9_15,9,2,2,5,2-10*t+ 15*t^2-10*t^3+ 2*t^4
9_16,9,3,3,3,2-5*t+ 8*t^2-9*t^3+ 8*t^4-5*t^5+ 2*t^6
9_17,9,3,2,4,1-5*t+ 9*t^2-9*t^3+ 9*t^4-5*t^5+ t^6
9_18,9,2,2,4,4-10*t+ 13*t^2-10*t^3+ 4*t^4
9_19,9,2,2,5,2-10*t+ 17*t^2-10*t^3+ 2*t^4
9_20,9,3,2,4,1-5*t+ 9*t^2-11*t^3+ 9*t^4-5*t^5+ t^6
9_21,9,2,2,5,2-11*t+ 17*t^2-11*t^3+ 2*t^4
9_22,9,3,3,4,1-5*t+ 10*t^2-11*t^3+ 10*t^4-5*t^5+ t^6
9_23,9,2,2,4,4-11*t+ 15*t^2-11*t^3+ 4*t^4
9_24,9,3,3,4,1-5*t+ 10*t^2-13*t^3+ 10*t^4-5*t^5+ t^6
9_25,9,2,3,5,3-12*t+ 17*t^2-12*t^3+ 3*t^4
9_26,9,3,2,4,1-5*t+ 11*t^2-13*t^3+ 11*t^4-5*t^5+ t^6
9_27,9,3,2,4,1-5*t+ 11*t^2-15*t^3+ 11*t^4-5*t^5+ t^6
9_28,9,3,3,4,1-5*t+ 12*t^2-15*t^3+ 12*t^4-5*t^5+ t^6
9_29,9,3,3,4,1-5*t+ 12*t^2-15*t^3+ 12*t^4-5*t^5+ t^6
9_30,9,3,3,4,1-5*t+ 12*t^2-17*t^3+ 12*t^4-5*t^5+ t^6
9_31,9,3,2,4,1-5*t+ 13*t^2-17*t^3+ 13*t^4-5*t^5+ t^6
9_32,9,3,3,4,1-6*t+ 14*t^2-17*t^3+ 14*t^4-6*t^5+ t^6
9_33,9,3,3,4,1-6*t+ 14*t^2-19*t^3+ 14*t^4-6*t^5+ t^6
9_34,9,3,3,4,1-6*t+ 16*t^2-23*t^3+ 16*t^4-6*t^5+ t^6
9_35,9,1,3,5,7-13*t+ 7*t^2
9_36,9,3,3,4,1-5*t+ 8*t^2-9*t^3+ 8*t^4-5*t^5+ t^6
9_37,9,2,3,5,2-11*t+ 19*t^2-11*t^3+ 2*t^4
9_38,9,2,3,4,5-14*t+ 19*t^2-14*t^3+ 5*t^4
9_39,9,2,3,5,3-14*t+ 21*t^2-14*t^3+ 3*t^4
9_40,9,3,3,4,1-7*t+ 18*t^2-23*t^3+ 18*t^4-7*t^5+ t^6
9_41,9,2,3,5,3-12*t+ 19*t^2-12*t^3+ 3*t^4
9_42,9,2,3,4,1-2*t+ t^2-2*t^3+ t^4
9_43,9,3,3,4,1-3*t+ 2*t^2-t^3+ 2*t^4-3*t^5+ t^6
9_44,9,2,3,4,1-4*t+ 7*t^2-4*t^3+ t^4
9_45,9,2,3,4,1-6*t+ 9*t^2-6*t^3+ t^4
9_46,9,1,3,4,2-5*t+ 2*t^2
9_47,9,3,3,4,1-4*t+ 6*t^2-5*t^3+ 6*t^4-4*t^5+ t^6
9_48,9,2,3,4,1-7*t+ 11*t^2-7*t^3+ t^4
9_49,9,2,3,4,3-6*t+ 7*t^2-6*t^3+ 3*t^4
10_1,10,1,2,6,4-9*t+ 4*t^2
10_2,10,4,2,3,1-3*t+ 3*t^2-3*t^3+ 3*t^4-3*t^5+ 3*t^6-3*t^7+ t^8
10_3,10,1,2,6,6-13*t+ 6*t^2
10_4,10,2,2,5,3-7*t+ 7*t^2-7*t^3+ 3*t^4
10_5,10,4,2,3,1-3*t+ 5*t^2-5*t^3+ 5*t^4-5*t^5+ 5*t^6-3*t^7+ t^8
10_6,10,3,2,4,2-6*t+ 7*t^2-7*t^3+ 7*t^4-6*t^5+ 2*t^6
10_7,10,2,2,5,3-11*t+ 15*t^2-11*t^3+ 3*t^4
10_8,10,3,2,4,2-5*t+ 5*t^2-5*t^3+ 5*t^4-5*t^5+ 2*t^6
10_9,10,4,2,3,1-3*t+ 5*t^2-7*t^3+ 7*t^4-7*t^5+ 5*t^6-3*t^7+ t^8
10_10,10,2,2,5,3-11*t+ 17*t^2-11*t^3+ 3*t^4
10_11,10,2,2,5,4-11*t+ 13*t^2-11*t^3+ 4*t^4
10_12,10,3,2,4,2-6*t+ 10*t^2-11*t^3+ 10*t^4-6*t^5+ 2*t^6
10_13,10,2,2,6,2-13*t+ 23*t^2-13*t^3+ 2*t^4
10_14,10,3,2,4,2-8*t+ 12*t^2-13*t^3+ 12*t^4-8*t^5+ 2*t^6
10_15,10,3,2,4,2-6*t+ 9*t^2-9*t^3+ 9*t^4-6*t^5+ 2*t^6
10_16,10,2,2,5,4-12*t+ 15*t^2-12*t^3+ 4*t^4
10_17,10,4,2,3,1-3*t+ 5*t^2-7*t^3+ 9*t^4-7*t^5+ 5*t^6-3*t^7+ t^8
10_18,10,2,2,5,4-14*t+ 19*t^2-14*t^3+ 4*t^4
10_19,10,3,2,4,2-7*t+ 11*t^2-11*t^3+ 11*t^4-7*t^5+ 2*t^6
10_20,10,2,2,5,3-9*t+ 11*t^2-9*t^3+ 3*t^4
10_21,10,3,2,4,2-7*t+ 9*t^2-9*t^3+ 9*t^4-7*t^5+ 2*t^6
10_22,10,3,2,4,2-6*t+ 10*t^2-13*t^3+ 10*t^4-6*t^5+ 2*t^6
10_23,10,3,2,4,2-7*t+ 13*t^2-15*t^3+ 13*t^4-7*t^5+ 2*t^6
10_24,10,2,2,5,4-14*t+ 19*t^2-14*t^3+ 4*t^4
10_25,10,3,2,4,2-8*t+ 14*t^2-17*t^3+ 14*t^4-8*t^5+ 2*t^6
10_26,10,3,2,4,2-7*t+ 13*t^2-17*t^3+ 13*t^4-7*t^5+ 2*t^6
10_27,10,3,2,4,2-8*t+ 16*t^2-19*t^3+ 16*t^4-8*t^5+ 2*t^6
10_28,10,2,2,5,4-13*t+ 19*t^2-13*t^3+ 4*t^4
10_29,10,3,2,5,1-7*t+ 15*t^2-17*t^3+ 15*t^4-7*t^5+ t^6
10_30,10,2,2,5,4-17*t+ 25*t^2-17*t^3+ 4*t^4
10_31,10,2,2,5,4-14*t+ 21*t^2-14*t^3+ 4*t^4
10_32,10,3,2,4,2-8*t+ 15*t^2-19*t^3+ 15*t^4-8*t^5+ 2*t^6
10_33,10,2,2,5,4-16*t+ 25*t^2-16*t^3+ 4*t^4
10_34,10,2,2,5,3-9*t+ 13*t^2-9*t^3+ 3*t^4
10_35,10,2,2,6,2-12*t+ 21*t^2-12*t^3+ 2*t^4
10_36,10,2,2,5,3-13*t+ 19*t^2-13*t^3+ 3*t^4
10_37,10,2,2,5,4-13*t+ 19*t^2-13*t^3+ 4*t^4
10_38,10,2,2,5,4-15*t+ 21*t^2-15*t^3+ 4*t^4
10_39,10,3,2,4,2-8*t+ 13*t^2-15*t^3+ 13*t^4-8*t^5+ 2*t^6
10_40,10,3,2,4,2-8*t+ 17*t^2-21*t^3+ 17*t^4-8*t^5+ 2*t^6
10_41,10,3,2,5,1-7*t+ 17*t^2-21*t^3+ 17*t^4-7*t^5+ t^6
10_42,10,3,2,5,1-7*t+ 19*t^2-27*t^3+ 19*t^4-7*t^5+ t^6
10_43,10,3,2,5,1-7*t+ 17*t^2-23*t^3+ 17*t^4-7*t^5+ t^6
10_44,10,3,2,5,1-7*t+ 19*t^2-25*t^3+ 19*t^4-7*t^5+ t^6
10_45,10,3,2,5,1-7*t+ 21*t^2-31*t^3+ 21*t^4-7*t^5+ t^6
10_46,10,4,3,3,1-3*t+ 4*t^2-5*t^3+ 5*t^4-5*t^5+ 4*t^6-3*t^7+ t^8
10_47,10,4,3,3,1-3*t+ 6*t^2-7*t^3+ 7*t^4-7*t^5+ 6*t^6-3*t^7+ t^8
10_48,10,4,3,3,1-3*t+ 6*t^2-9*t^3+ 11*t^4-9*t^5+ 6*t^6-3*t^7+ t^8
10_49,10,3,3,4,3-8*t+ 12*t^2-13*t^3+ 12*t^4-8*t^5+ 3*t^6
10_50,10,3,3,4,2-7*t+ 11*t^2-13*t^3+ 11*t^4-7*t^5+ 2*t^6
10_51,10,3,3,4,2-7*t+ 15*t^2-19*t^3+ 15*t^4-7*t^5+ 2*t^6
10_52,10,3,3,4,2-7*t+ 13*t^2-15*t^3+ 13*t^4-7*t^5+ 2*t^6
10_53,10,2,3,5,6-18*t+ 25*t^2-18*t^3+ 6*t^4
10_54,10,3,3,4,2-6*t+ 10*t^2-11*t^3+ 10*t^4-6*t^5+ 2*t^6
10_55,10,2,3,5,5-15*t+ 21*t^2-15*t^3+ 5*t^4
10_56,10,3,3,4,2-8*t+ 14*t^2-17*t^3+ 14*t^4-8*t^5+ 2*t^6
10_57,10,3,3,4,2-8*t+ 18*t^2-23*t^3+ 18*t^4-8*t^5+ 2*t^6
10_58,10,2,3,6,3-16*t+ 27*t^2-16*t^3+ 3*t^4
10_59,10,3,3,5,1-7*t+ 18*t^2-23*t^3+ 18*t^4-7*t^5+ t^6
10_60,10,3,3,5,1-7*t+ 20*t^2-29*t^3+ 20*t^4-7*t^5+ t^6
10_61,10,3,3,4,2-5*t+ 6*t^2-7*t^3+ 6*t^4-5*t^5+ 2*t^6
10_62,10,4,3,3,1-3*t+ 6*t^2-8*t^3+ 9*t^4-8*t^5+ 6*t^6-3*t^7+ t^8
10_63,10,2,3,5,5-14*t+ 19*t^2-14*t^3+ 5*t^4
10_64,10,4,3,3,1-3*t+ 6*t^2-10*t^3+ 11*t^4-10*t^5+ 6*t^6-3*t^7+ t^8
10_65,10,3,3,4,2-7*t+ 14*t^2-17*t^3+ 14*t^4-7*t^5+ 2*t^6
10_66,10,3,3,4,3-9*t+ 16*t^2-19*t^3+ 16*t^4-9*t^5+ 3*t^6
10_67,10,2,3,5,4-16*t+ 23*t^2-16*t^3+ 4*t^4
10_68,10,2,3,5,4-14*t+ 21*t^2-14*t^3+ 4*t^4
10_69,10,3,3,5,1-7*t+ 21*t^2-29*t^3+ 21*t^4-7*t^5+ t^6
10_70,10,3,3,5,1-7*t+ 16*t^2-19*t^3+ 16*t^4-7*t^5+ t^6
10_71,10,3,3,5,1-7*t+ 18*t^2-25*t^3+ 18*t^4-7*t^5+ t^6
10_72,10,3,3,4,2-9*t+ 16*t^2-19*t^3+ 16*t^4-9*t^5+ 2*t^6
10_73,10,3,3,5,1-7*t+ 20*t^2-27*t^3+ 20*t^4-7*t^5+ t^6
10_74,10,2,3,5,4-16*t+ 23*t^2-16*t^3+ 4*t^4
10_75,10,3,3,5,1-7*t+ 19*t^2-27*t^3+ 19*t^4-7*t^5+ t^6
10_76,10,3,3,4,2-7*t+ 12*t^2-15*t^3+ 12*t^4-7*t^5+ 2*t^6
10_77,10,3,3,4,2-7*t+ 14*t^2-17*t^3+ 14*t^4-7*t^5+ 2*t^6
10_78,10,3,3,5,1-7*t+ 16*t^2-21*t^3+ 16*t^4-7*t^5+ t^6
10_79,10,4,3,3,1-3*t+ 7*t^2-12*t^3+ 15*t^4-12*t^5+ 7*t^6-3*t^7+ t^8
10_80,10,3,3,4,3-9*t+ 15*t^2-17*t^3+ 15*t^4-9*t^5+ 3*t^6
10_81,10,3,3,5,1-8*t+ 20*t^2-27*t^3+ 20*t^4-8*t^5+ t^6
10_82,10,4,3,3,1-4*t+ 8*t^2-12*t^3+ 13*t^4-12*t^5+ 8*t^6-4*t^7+ t^8
10_83,10,3,3,4,2-9*t+ 19*t^2-23*t^3+ 19*t^4-9*t^5+ 2*t^6
10_84,10,3,3,4,2-9*t+ 20*t^2-25*t^3+ 20*t^4-9*t^5+ 2*t^6
10_85,10,4,3,3,1-4*t+ 8*t^2-10*t^3+ 11*t^4-10*t^5+ 8*t^6-4*t^7+ t^8
10_86,10,3,3,4,2-9*t+ 19*t^2-25*t^3+ 19*t^4-9*t^5+ 2*t^6
10_87,10,3,3,4,2-9*t+ 18*t^2-23*t^3+ 18*t^4-9*t^5+ 2*t^6
10_88,10,3,3,5,1-8*t+ 24*t^2-35*t^3+ 24*t^4-8*t^5+ t^6
10_89,10,3,3,5,1-8*t+ 24*t^2-33*t^3+ 24*t^4-8*t^5+ t^6
10_90,10,3,3,4,2-8*t+ 17*t^2-23*t^3+ 17*t^4-8*t^5+ 2*t^6
10_91,10,4,3,3,1-4*t+ 9*t^2-14*t^3+ 17*t^4-14*t^5+ 9*t^6-4*t^7+ t^8
10_92,10,3,3,4,2-10*t+ 20*t^2-25*t^3+ 20*t^4-10*t^5+ 2*t^6
10_93,10,3,3,4,2-8*t+ 15*t^2-17*t^3+ 15*t^4-8*t^5+ 2*t^6
10_94,10,4,3,3,1-4*t+ 9*t^2-14*t^3+ 15*t^4-14*t^5+ 9*t^6-4*t^7+ t^8
10_95,10,3,3,4,2-9*t+ 21*t^2-27*t^3+ 21*t^4-9*t^5+ 2*t^6
10_96,10,3,3,5,1-7*t+ 22*t^2-33*t^3+ 22*t^4-7*t^5+ t^6
10_97,10,2,3,5,5-22*t+ 33*t^2-22*t^3+ 5*t^4
10_98,10,3,3,4,2-9*t+ 18*t^2-23*t^3+ 18*t^4-9*t^5+ 2*t^6
10_99,10,4,3,3,1-4*t+ 10*t^2-16*t^3+ 19*t^4-16*t^5+ 10*t^6-4*t^7+ t^8
10_100,10,4,3,3,1-4*t+ 9*t^2-12*t^3+ 13*t^4-12*t^5+ 9*t^6-4*t^7+ t^8
10_101,10,2,3,5,7-21*t+ 29*t^2-21*t^3+ 7*t^4
10_102,10,3,3,4,2-8*t+ 16*t^2-21*t^3+ 16*t^4-8*t^5+ 2*t^6
10_103,10,3,3,4,2-8*t+ 17*t^2-21*t^3+ 17*t^4-8*t^5+ 2*t^6
10_104,10,4,3,3,1-4*t+ 9*t^2-15*t^3+ 19*t^4-15*t^5+ 9*t^6-4*t^7+ t^8
10_105,10,3,3,5,1-8*t+ 22*t^2-29*t^3+ 22*t^4-8*t^5+ t^6
10_106,10,4,3,3,1-4*t+ 9*t^2-15*t^3+ 17*t^4-15*t^5+ 9*t^6-4*t^7+ t^8
10_107,10,3,3,5,1-8*t+ 22*t^2-31*t^3+ 22*t^4-8*t^5+ t^6
10_108,10,3,3,4,2-8*t+ 14*t^2-15*t^3+ 14*t^4-8*t^5+ 2*t^6
10_109,10,4,3,3,1-4*t+ 10*t^2-17*t^3+ 21*t^4-17*t^5+ 10*t^6-4*t^7+ t^8
10_110,10,3,3,5,1-8*t+ 20*t^2-25*t^3+ 20*t^4-8*t^5+ t^6
10_111,10,3,3,4,2-9*t+ 17*t^2-21*t^3+ 17*t^4-9*t^5+ 2*t^6
10_112,10,4,3,3,1-5*t+ 11*t^2-17*t^3+ 19*t^4-17*t^5+ 11*t^6-5*t^7+ t^8
10_113,10,3,3,4,2-11*t+ 26*t^2-33*t^3+ 26*t^4-11*t^5+ 2*t^6
10_114,10,3,3,4,2-10*t+ 21*t^2-27*t^3+ 21*t^4-10*t^5+ 2*t^6
10_115,10,3,3,5,1-9*t+ 26*t^2-37*t^3+ 26*t^4-9*t^5+ t^6
10_116,10,4,3,3,1-5*t+ 12*t^2-19*t^3+ 21*t^4-19*t^5+ 12*t^6-5*t^7+ t^8
10_117,10,3,3,4,2-10*t+ 24*t^2-31*t^3+ 24*t^4-10*t^5+ 2*t^6
10_118,10,4,3,3,1-5*t+ 12*t^2-19*t^3+ 23*t^4-19*t^5+ 12*t^6-5*t^7+ t^8
10_119,10,3,3,4,2-10*t+ 23*t^2-31*t^3+ 23*t^4-10*t^5+ 2*t^6
10_120,10,2,3,5,8-26*t+ 37*t^2-26*t^3+ 8*t^4
10_121,10,3,3,4,2-11*t+ 27*t^2-35*t^3+ 27*t^4-11*t^5+ 2*t^6
10_122,10,3,3,4,2-11*t+ 24*t^2-31*t^3+ 24*t^4-11*t^5+ 2*t^6
10_123,10,4,3,3,1-6*t+ 15*t^2-24*t^3+ 29*t^4-24*t^5+ 15*t^6-6*t^7+ t^8
10_124,10,4,3,3,1-t+ t^3-t^4+ t^5-t^7+ t^8
10_125,10,3,3,3,1-2*t+ 2*t^2-t^3+ 2*t^4-2*t^5+ t^6
10_126,10,3,3,3,1-2*t+ 4*t^2-5*t^3+ 4*t^4-2*t^5+ t^6
10_127,10,3,3,3,1-4*t+ 6*t^2-7*t^3+ 6*t^4-4*t^5+ t^6
10_128,10,3,3,4,2-3*t+ t^2+ t^3+ t^4-3*t^5+ 2*t^6
10_129,10,2,3,4,2-6*t+ 9*t^2-6*t^3+ 2*t^4
10_130,10,2,3,4,2-4*t+ 5*t^2-4*t^3+ 2*t^4
10_131,10,2,3,4,2-8*t+ 11*t^2-8*t^3+ 2*t^4
10_132,10,2,3,4,1-t+ t^2-t^3+ t^4
10_133,10,2,3,4,1-5*t+ 7*t^2-5*t^3+ t^4
10_134,10,3,3,4,2-4*t+ 4*t^2-3*t^3+ 4*t^4-4*t^5+ 2*t^6
10_135,10,2,3,4,3-9*t+ 13*t^2-9*t^3+ 3*t^4
10_136,10,2,3,4,1-4*t+ 5*t^2-4*t^3+ t^4
10_137,10,2,3,5,1-6*t+ 11*t^2-6*t^3+ t^4
10_138,10,3,3,5,1-5*t+ 8*t^2-7*t^3+ 8*t^4-5*t^5+ t^6
10_139,10,4,3,3,1-t+ 2*t^3-3*t^4+ 2*t^5-t^7+ t^8
10_140,10,2,3,4,1-2*t+ 3*t^2-2*t^3+ t^4
10_141,10,3,3,3,1-3*t+ 4*t^2-5*t^3+ 4*t^4-3*t^5+ t^6
10_142,10,3,3,4,2-3*t+ 2*t^2-t^3+ 2*t^4-3*t^5+ 2*t^6
10_143,10,3,3,3,1-3*t+ 6*t^2-7*t^3+ 6*t^4-3*t^5+ t^6
10_144,10,2,3,4,3-10*t+ 13*t^2-10*t^3+ 3*t^4
10_145,10,2,3,4,1+ t-3*t^2+ t^3+ t^4
10_146,10,2,3,4,2-8*t+ 13*t^2-8*t^3+ 2*t^4
10_147,10,2,3,4,2-7*t+ 9*t^2-7*t^3+ 2*t^4
10_148,10,3,3,3,1-3*t+ 7*t^2-9*t^3+ 7*t^4-3*t^5+ t^6
10_149,10,3,3,3,1-5*t+ 9*t^2-11*t^3+ 9*t^4-5*t^5+ t^6
10_150,10,3,3,4,1-4*t+ 6*t^2-7*t^3+ 6*t^4-4*t^5+ t^6
10_151,10,3,3,4,1-4*t+ 10*t^2-13*t^3+ 10*t^4-4*t^5+ t^6
10_152,10,4,3,3,1-t-t^2+ 4*t^3-5*t^4+ 4*t^5-t^6-t^7+ t^8
10_153,10,3,3,4,1-t-t^2+ 3*t^3-t^4-t^5+ t^6
10_154,10,3,3,4,1-4*t^2+ 7*t^3-4*t^4+ t^6
10_155,10,3,3,3,1-3*t+ 5*t^2-7*t^3+ 5*t^4-3*t^5+ t^6
10_156,10,3,3,4,1-4*t+ 8*t^2-9*t^3+ 8*t^4-4*t^5+ t^6
10_157,10,3,3,3,1-6*t+ 11*t^2-13*t^3+ 11*t^4-6*t^5+ t^6
10_158,10,3,3,4,1-4*t+ 10*t^2-15*t^3+ 10*t^4-4*t^5+ t^6
10_159,10,3,3,3,1-4*t+ 9*t^2-11*t^3+ 9*t^4-4*t^5+ t^6
10_160,10,3,3,4,1-4*t+ 4*t^2-3*t^3+ 4*t^4-4*t^5+ t^6
10_161,10,3,3,3,1-2*t^2+ 3*t^3-2*t^4+ t^6
10_162,10,2,3,4,3-9*t+ 11*t^2-9*t^3+ 3*t^4
10_163,10,3,3,4,1-5*t+ 12*t^2-15*t^3+ 12*t^4-5*t^5+ t^6
10_164,10,2,3,4,3-11*t+ 17*t^2-11*t^3+ 3*t^4
10_165,10,2,3,4,2-10*t+ 15*t^2-10*t^3+ 2*t^4
11a_1,11,3,3,5,2-12*t+ 30*t^2-39*t^3+ 30*t^4-12*t^5+ 2*t^6
11a_2,11,3,3,5,3-15*t+ 31*t^2-39*t^3+ 31*t^4-15*t^5+ 3*t^6
11a_3,11,4,3,4,1-5*t+ 13*t^2-24*t^3+ 29*t^4-24*t^5+ 13*t^6-5*t^7+ t^8
11a_4,11,3,3,5,2-10*t+ 22*t^2-29*t^3+ 22*t^4-10*t^5+ 2*t^6
11a_5,11,3,3,6,1-9*t+ 30*t^2-45*t^3+ 30*t^4-9*t^5+ t^6
11a_6,11,3,3,5,2-13*t+ 32*t^2-41*t^3+ 32*t^4-13*t^5+ 2*t^6
11a_7,11,4,3,4,1-5*t+ 12*t^2-19*t^3+ 21*t^4-19*t^5+ 12*t^6-5*t^7+ t^8
11a_8,11,3,3,5,2-11*t+ 27*t^2-37*t^3+ 27*t^4-11*t^5+ 2*t^6
11a_9,11,4,3,4,1-5*t+ 10*t^2-11*t^3+ 11*t^4-11*t^5+ 10*t^6-5*t^7+ t^8
11a_10,11,3,3,5,2-11*t+ 25*t^2-31*t^3+ 25*t^4-11*t^5+ 2*t^6
11a_11,11,3,3,5,2-11*t+ 26*t^2-35*t^3+ 26*t^4-11*t^5+ 2*t^6
11a_12,11,3,3,5,2-11*t+ 24*t^2-29*t^3+ 24*t^4-11*t^5+ 2*t^6
11a_13,11,2,2,6,3-15*t+ 25*t^2-15*t^3+ 3*t^4
11a_14,11,4,3,4,1-5*t+ 15*t^2-28*t^3+ 35*t^4-28*t^5+ 15*t^6-5*t^7+ t^8
11a_15,11,4,3,4,1-5*t+ 13*t^2-22*t^3+ 25*t^4-22*t^5+ 13*t^6-5*t^7+ t^8
11a_16,11,3,3,5,2-10*t+ 24*t^2-33*t^3+ 24*t^4-10*t^5+ 2*t^6
11a_17,11,3,3,6,1-10*t+ 30*t^2-41*t^3+ 30*t^4-10*t^5+ t^6
11a_18,11,3,3,5,3-13*t+ 29*t^2-37*t^3+ 29*t^4-13*t^5+ 3*t^6
11a_19,11,4,3,4,1-6*t+ 18*t^2-33*t^3+ 39*t^4-33*t^5+ 18*t^6-6*t^7+ t^8
11a_20,11,3,3,5,3-13*t+ 25*t^2-31*t^3+ 25*t^4-13*t^5+ 3*t^6
11a_21,11,2,3,6,5-19*t+ 27*t^2-19*t^3+ 5*t^4
11a_22,11,4,3,4,1-5*t+ 13*t^2-20*t^3+ 23*t^4-20*t^5+ 13*t^6-5*t^7+ t^8
11a_23,11,3,3,5,2-10*t+ 24*t^2-31*t^3+ 24*t^4-10*t^5+ 2*t^6
11a_24,11,4,3,4,1-6*t+ 18*t^2-33*t^3+ 41*t^4-33*t^5+ 18*t^6-6*t^7+ t^8
11a_25,11,4,3,4,1-6*t+ 18*t^2-33*t^3+ 39*t^4-33*t^5+ 18*t^6-6*t^7+ t^8
11a_26,11,4,3,4,1-6*t+ 18*t^2-33*t^3+ 41*t^4-33*t^5+ 18*t^6-6*t^7+ t^8
11a_27,11,3,3,5,2-13*t+ 34*t^2-45*t^3+ 34*t^4-13*t^5+ 2*t^6
11a_28,11,4,3,4,1-6*t+ 15*t^2-24*t^3+ 29*t^4-24*t^5+ 15*t^6-6*t^7+ t^8
11a_29,11,3,3,5,2-12*t+ 27*t^2-33*t^3+ 27*t^4-12*t^5+ 2*t^6
11a_30,11,3,3,5,2-13*t+ 35*t^2-49*t^3+ 35*t^4-13*t^5+ 2*t^6
11a_31,11,3,3,5,3-14*t+ 28*t^2-35*t^3+ 28*t^4-14*t^5+ 3*t^6
11a_32,11,3,3,5,3-14*t+ 32*t^2-41*t^3+ 32*t^4-14*t^5+ 3*t^6
11a_33,11,4,3,4,1-5*t+ 12*t^2-19*t^3+ 21*t^4-19*t^5+ 12*t^6-5*t^7+ t^8
11a_34,11,4,3,4,1-5*t+ 14*t^2-25*t^3+ 29*t^4-25*t^5+ 14*t^6-5*t^7+ t^8
11a_35,11,4,3,4,1-5*t+ 14*t^2-25*t^3+ 31*t^4-25*t^5+ 14*t^6-5*t^7+ t^8
11a_36,11,3,3,5,2-12*t+ 28*t^2-37*t^3+ 28*t^4-12*t^5+ 2*t^6
11a_37,11,3,3,5,2-9*t+ 21*t^2-29*t^3+ 21*t^4-9*t^5+ 2*t^6
11a_38,11,3,3,5,2-11*t+ 27*t^2-37*t^3+ 27*t^4-11*t^5+ 2*t^6
11a_39,11,3,3,5,3-12*t+ 22*t^2-27*t^3+ 22*t^4-12*t^5+ 3*t^6
11a_40,11,4,3,4,1-5*t+ 12*t^2-17*t^3+ 19*t^4-17*t^5+ 12*t^6-5*t^7+ t^8
11a_41,11,3,3,5,2-11*t+ 27*t^2-35*t^3+ 27*t^4-11*t^5+ 2*t^6
11a_42,11,3,3,6,1-9*t+ 26*t^2-35*t^3+ 26*t^4-9*t^5+ t^6
11a_43,11,3,4,5,4-15*t+ 30*t^2-37*t^3+ 30*t^4-15*t^5+ 4*t^6
11a_44,11,4,4,4,1-5*t+ 14*t^2-24*t^3+ 29*t^4-24*t^5+ 14*t^6-5*t^7+ t^8
11a_45,11,2,3,6,6-22*t+ 31*t^2-22*t^3+ 6*t^4
11a_46,11,3,3,5,2-9*t+ 20*t^2-25*t^3+ 20*t^4-9*t^5+ 2*t^6
11a_47,11,4,4,4,1-5*t+ 14*t^2-24*t^3+ 29*t^4-24*t^5+ 14*t^6-5*t^7+ t^8
11a_48,11,3,3,5,2-12*t+ 26*t^2-33*t^3+ 26*t^4-12*t^5+ 2*t^6
11a_49,11,3,3,5,3-13*t+ 23*t^2-27*t^3+ 23*t^4-13*t^5+ 3*t^6
11a_50,11,2,3,6,5-21*t+ 31*t^2-21*t^3+ 5*t^4
11a_51,11,3,3,6,1-9*t+ 28*t^2-39*t^3+ 28*t^4-9*t^5+ t^6
11a_52,11,3,3,5,2-13*t+ 32*t^2-43*t^3+ 32*t^4-13*t^5+ 2*t^6
11a_53,11,4,3,4,1-6*t+ 14*t^2-18*t^3+ 19*t^4-18*t^5+ 14*t^6-6*t^7+ t^8
11a_54,11,3,3,5,2-13*t+ 33*t^2-43*t^3+ 33*t^4-13*t^5+ 2*t^6
11a_55,11,4,3,4,1-5*t+ 10*t^2-13*t^3+ 13*t^4-13*t^5+ 10*t^6-5*t^7+ t^8
11a_56,11,3,3,5,2-11*t+ 25*t^2-33*t^3+ 25*t^4-11*t^5+ 2*t^6
11a_57,11,4,4,4,1-5*t+ 12*t^2-20*t^3+ 23*t^4-20*t^5+ 12*t^6-5*t^7+ t^8
11a_58,11,3,3,5,2-9*t+ 18*t^2-23*t^3+ 18*t^4-9*t^5+ 2*t^6
11a_59,11,2,2,6,3-11*t+ 15*t^2-11*t^3+ 3*t^4
11a_60,11,3,3,5,3-12*t+ 18*t^2-19*t^3+ 18*t^4-12*t^5+ 3*t^6
11a_61,11,2,3,6,6-26*t+ 39*t^2-26*t^3+ 6*t^4
11a_62,11,4,3,4,1-5*t+ 8*t^2-9*t^3+ 9*t^4-9*t^5+ 8*t^6-5*t^7+ t^8
11a_63,11,3,3,5,2-11*t+ 21*t^2-25*t^3+ 21*t^4-11*t^5+ 2*t^6
11a_64,11,3,3,5,2-11*t+ 22*t^2-27*t^3+ 22*t^4-11*t^5+ 2*t^6
11a_65,11,2,2,6,3-15*t+ 23*t^2-15*t^3+ 3*t^4
11a_66,11,4,3,4,1-6*t+ 15*t^2-24*t^3+ 27*t^4-24*t^5+ 15*t^6-6*t^7+ t^8
11a_67,11,3,3,5,2-12*t+ 29*t^2-39*t^3+ 29*t^4-12*t^5+ 2*t^6
11a_68,11,4,3,4,1-6*t+ 14*t^2-20*t^3+ 21*t^4-20*t^5+ 14*t^6-6*t^7+ t^8
11a_69,11,3,3,5,2-13*t+ 33*t^2-45*t^3+ 33*t^4-13*t^5+ 2*t^6
11a_70,11,3,3,5,2-14*t+ 36*t^2-47*t^3+ 36*t^4-14*t^5+ 2*t^6
11a_71,11,4,3,4,1-6*t+ 18*t^2-34*t^3+ 41*t^4-34*t^5+ 18*t^6-6*t^7+ t^8
11a_72,11,4,3,4,1-6*t+ 18*t^2-32*t^3+ 39*t^4-32*t^5+ 18*t^6-6*t^7+ t^8
11a_73,11,4,3,4,1-7*t+ 21*t^2-37*t^3+ 45*t^4-37*t^5+ 21*t^6-7*t^7+ t^8
11a_74,11,4,3,4,1-5*t+ 10*t^2-13*t^3+ 15*t^4-13*t^5+ 10*t^6-5*t^7+ t^8
11a_75,11,3,2,5,2-10*t+ 19*t^2-21*t^3+ 19*t^4-10*t^5+ 2*t^6
11a_76,11,4,3,4,1-6*t+ 17*t^2-30*t^3+ 37*t^4-30*t^5+ 17*t^6-6*t^7+ t^8
11a_77,11,3,2,5,2-12*t+ 31*t^2-41*t^3+ 31*t^4-12*t^5+ 2*t^6
11a_78,11,3,3,5,2-12*t+ 29*t^2-37*t^3+ 29*t^4-12*t^5+ 2*t^6
11a_79,11,4,3,4,1-6*t+ 17*t^2-30*t^3+ 35*t^4-30*t^5+ 17*t^6-6*t^7+ t^8
11a_80,11,4,3,4,1-6*t+ 16*t^2-28*t^3+ 35*t^4-28*t^5+ 16*t^6-6*t^7+ t^8
11a_81,11,4,3,4,1-6*t+ 16*t^2-26*t^3+ 29*t^4-26*t^5+ 16*t^6-6*t^7+ t^8
11a_82,11,4,3,4,1-5*t+ 12*t^2-19*t^3+ 21*t^4-19*t^5+ 12*t^6-5*t^7+ t^8
11a_83,11,4,3,4,1-5*t+ 14*t^2-23*t^3+ 27*t^4-23*t^5+ 14*t^6-5*t^7+ t^8
11a_84,11,3,2,5,2-10*t+ 23*t^2-31*t^3+ 23*t^4-10*t^5+ 2*t^6
11a_85,11,3,2,5,2-10*t+ 25*t^2-33*t^3+ 25*t^4-10*t^5+ 2*t^6
11a_86,11,4,3,4,1-5*t+ 12*t^2-18*t^3+ 19*t^4-18*t^5+ 12*t^6-5*t^7+ t^8
11a_87,11,3,3,5,2-11*t+ 28*t^2-39*t^3+ 28*t^4-11*t^5+ 2*t^6
11a_88,11,4,3,4,1-5*t+ 12*t^2-20*t^3+ 25*t^4-20*t^5+ 12*t^6-5*t^7+ t^8
11a_89,11,3,2,5,2-12*t+ 28*t^2-35*t^3+ 28*t^4-12*t^5+ 2*t^6
11a_90,11,3,2,5,2-10*t+ 20*t^2-23*t^3+ 20*t^4-10*t^5+ 2*t^6
11a_91,11,3,2,5,2-12*t+ 30*t^2-41*t^3+ 30*t^4-12*t^5+ 2*t^6
11a_92,11,4,3,4,1-5*t+ 12*t^2-21*t^3+ 25*t^4-21*t^5+ 12*t^6-5*t^7+ t^8
11a_93,11,3,2,5,2-10*t+ 21*t^2-27*t^3+ 21*t^4-10*t^5+ 2*t^6
11a_94,11,3,3,4,4-13*t+ 23*t^2-27*t^3+ 23*t^4-13*t^5+ 4*t^6
11a_95,11,2,2,5,6-18*t+ 25*t^2-18*t^3+ 6*t^4
11a_96,11,3,2,6,1-9*t+ 29*t^2-43*t^3+ 29*t^4-9*t^5+ t^6
11a_97,11,3,3,5,2-9*t+ 16*t^2-17*t^3+ 16*t^4-9*t^5+ 2*t^6
11a_98,11,2,2,6,4-19*t+ 31*t^2-19*t^3+ 4*t^4
11a_99,11,4,3,4,1-6*t+ 17*t^2-28*t^3+ 31*t^4-28*t^5+ 17*t^6-6*t^7+ t^8
11a_100,11,3,3,5,3-15*t+ 32*t^2-41*t^3+ 32*t^4-15*t^5+ 3*t^6
11a_101,11,3,3,5,3-16*t+ 39*t^2-51*t^3+ 39*t^4-16*t^5+ 3*t^6
11a_102,11,3,3,5,2-11*t+ 23*t^2-27*t^3+ 23*t^4-11*t^5+ 2*t^6
11a_103,11,2,3,6,4-20*t+ 33*t^2-20*t^3+ 4*t^4
11a_104,11,3,3,5,2-12*t+ 29*t^2-39*t^3+ 29*t^4-12*t^5+ 2*t^6
11a_105,11,3,3,5,3-13*t+ 24*t^2-29*t^3+ 24*t^4-13*t^5+ 3*t^6
11a_106,11,4,3,4,1-5*t+ 12*t^2-18*t^3+ 21*t^4-18*t^5+ 12*t^6-5*t^7+ t^8
11a_107,11,3,3,5,2-11*t+ 26*t^2-33*t^3+ 26*t^4-11*t^5+ 2*t^6
11a_108,11,4,3,4,1-5*t+ 12*t^2-20*t^3+ 23*t^4-20*t^5+ 12*t^6-5*t^7+ t^8
11a_109,11,4,3,4,1-5*t+ 14*t^2-24*t^3+ 29*t^4-24*t^5+ 14*t^6-5*t^7+ t^8
11a_110,11,3,2,5,2-10*t+ 22*t^2-29*t^3+ 22*t^4-10*t^5+ 2*t^6
11a_111,11,3,2,5,2-10*t+ 24*t^2-31*t^3+ 24*t^4-10*t^5+ 2*t^6
11a_112,11,4,3,4,1-6*t+ 15*t^2-25*t^3+ 31*t^4-25*t^5+ 15*t^6-6*t^7+ t^8
11a_113,11,4,3,4,1-6*t+ 15*t^2-21*t^3+ 23*t^4-21*t^5+ 15*t^6-6*t^7+ t^8
11a_114,11,3,3,5,3-15*t+ 35*t^2-45*t^3+ 35*t^4-15*t^5+ 3*t^6
11a_115,11,3,3,5,3-13*t+ 27*t^2-35*t^3+ 27*t^4-13*t^5+ 3*t^6
11a_116,11,3,3,5,3-15*t+ 31*t^2-39*t^3+ 31*t^4-15*t^5+ 3*t^6
11a_117,11,3,2,5,2-12*t+ 27*t^2-35*t^3+ 27*t^4-12*t^5+ 2*t^6
11a_118,11,3,3,5,2-10*t+ 20*t^2-23*t^3+ 20*t^4-10*t^5+ 2*t^6
11a_119,11,2,2,6,4-19*t+ 31*t^2-19*t^3+ 4*t^4
11a_120,11,3,2,5,2-12*t+ 25*t^2-31*t^3+ 25*t^4-12*t^5+ 2*t^6
11a_121,11,3,2,6,1-9*t+ 29*t^2-41*t^3+ 29*t^4-9*t^5+ t^6
11a_122,11,3,3,5,2-12*t+ 30*t^2-39*t^3+ 30*t^4-12*t^5+ 2*t^6
11a_123,11,2,3,5,9-29*t+ 41*t^2-29*t^3+ 9*t^4
11a_124,11,3,3,4,5-18*t+ 34*t^2-41*t^3+ 34*t^4-18*t^5+ 5*t^6
11a_125,11,4,3,4,1-6*t+ 19*t^2-38*t^3+ 47*t^4-38*t^5+ 19*t^6-6*t^7+ t^8
11a_126,11,4,3,4,1-5*t+ 16*t^2-31*t^3+ 39*t^4-31*t^5+ 16*t^6-5*t^7+ t^8
11a_127,11,4,3,4,1-6*t+ 17*t^2-28*t^3+ 33*t^4-28*t^5+ 17*t^6-6*t^7+ t^8
11a_128,11,3,3,6,1-9*t+ 31*t^2-47*t^3+ 31*t^4-9*t^5+ t^6
11a_129,11,4,3,4,1-6*t+ 15*t^2-22*t^3+ 25*t^4-22*t^5+ 15*t^6-6*t^7+ t^8
11a_130,11,3,3,5,2-12*t+ 29*t^2-37*t^3+ 29*t^4-12*t^5+ 2*t^6
11a_131,11,4,3,4,1-6*t+ 16*t^2-27*t^3+ 31*t^4-27*t^5+ 16*t^6-6*t^7+ t^8
11a_132,11,3,3,5,2-13*t+ 32*t^2-41*t^3+ 32*t^4-13*t^5+ 2*t^6
11a_133,11,2,3,6,5-20*t+ 29*t^2-20*t^3+ 5*t^4
11a_134,11,3,3,5,3-13*t+ 28*t^2-35*t^3+ 28*t^4-13*t^5+ 3*t^6
11a_135,11,3,3,5,2-13*t+ 36*t^2-51*t^3+ 36*t^4-13*t^5+ 2*t^6
11a_136,11,3,3,5,2-14*t+ 39*t^2-53*t^3+ 39*t^4-14*t^5+ 2*t^6
11a_137,11,3,3,5,2-12*t+ 26*t^2-31*t^3+ 26*t^4-12*t^5+ 2*t^6
11a_138,11,3,3,5,2-14*t+ 38*t^2-53*t^3+ 38*t^4-14*t^5+ 2*t^6
11a_139,11,4,3,4,1-5*t+ 12*t^2-20*t^3+ 23*t^4-20*t^5+ 12*t^6-5*t^7+ t^8
11a_140,11,3,2,5,2-8*t+ 14*t^2-17*t^3+ 14*t^4-8*t^5+ 2*t^6
11a_141,11,3,3,5,2-11*t+ 24*t^2-29*t^3+ 24*t^4-11*t^5+ 2*t^6
11a_142,11,4,3,4,1-5*t+ 8*t^2-10*t^3+ 11*t^4-10*t^5+ 8*t^6-5*t^7+ t^8
11a_143,11,3,3,5,2-11*t+ 20*t^2-23*t^3+ 20*t^4-11*t^5+ 2*t^6
11a_144,11,3,2,5,2-10*t+ 16*t^2-17*t^3+ 16*t^4-10*t^5+ 2*t^6
11a_145,11,2,2,6,4-21*t+ 33*t^2-21*t^3+ 4*t^4
11a_146,11,4,3,4,1-6*t+ 15*t^2-25*t^3+ 29*t^4-25*t^5+ 15*t^6-6*t^7+ t^8
11a_147,11,4,3,4,1-6*t+ 17*t^2-32*t^3+ 39*t^4-32*t^5+ 17*t^6-6*t^7+ t^8
11a_148,11,2,3,6,7-29*t+ 43*t^2-29*t^3+ 7*t^4
11a_149,11,3,3,5,2-12*t+ 30*t^2-39*t^3+ 30*t^4-12*t^5+ 2*t^6
11a_150,11,3,3,5,2-13*t+ 29*t^2-37*t^3+ 29*t^4-13*t^5+ 2*t^6
11a_151,11,4,3,4,1-6*t+ 15*t^2-26*t^3+ 31*t^4-26*t^5+ 15*t^6-6*t^7+ t^8
11a_152,11,3,3,5,2-12*t+ 27*t^2-35*t^3+ 27*t^4-12*t^5+ 2*t^6
11a_153,11,3,3,5,2-10*t+ 20*t^2-25*t^3+ 20*t^4-10*t^5+ 2*t^6
11a_154,11,2,2,6,4-17*t+ 25*t^2-17*t^3+ 4*t^4
11a_155,11,3,3,5,3-16*t+ 40*t^2-53*t^3+ 40*t^4-16*t^5+ 3*t^6
11a_156,11,4,3,4,1-5*t+ 11*t^2-18*t^3+ 21*t^4-18*t^5+ 11*t^6-5*t^7+ t^8
11a_157,11,4,3,4,1-6*t+ 16*t^2-28*t^3+ 33*t^4-28*t^5+ 16*t^6-6*t^7+ t^8
11a_158,11,4,3,4,1-5*t+ 14*t^2-25*t^3+ 29*t^4-25*t^5+ 14*t^6-5*t^7+ t^8
11a_159,11,3,2,6,1-9*t+ 27*t^2-37*t^3+ 27*t^4-9*t^5+ t^6
11a_160,11,4,3,4,1-6*t+ 17*t^2-30*t^3+ 37*t^4-30*t^5+ 17*t^6-6*t^7+ t^8
11a_161,11,3,3,5,2-8*t+ 12*t^2-13*t^3+ 12*t^4-8*t^5+ 2*t^6
11a_162,11,4,3,4,1-7*t+ 20*t^2-35*t^3+ 41*t^4-35*t^5+ 20*t^6-7*t^7+ t^8
11a_163,11,4,3,4,1-6*t+ 15*t^2-24*t^3+ 27*t^4-24*t^5+ 15*t^6-6*t^7+ t^8
11a_164,11,4,3,4,1-7*t+ 20*t^2-35*t^3+ 43*t^4-35*t^5+ 20*t^6-7*t^7+ t^8
11a_165,11,3,3,5,2-9*t+ 18*t^2-23*t^3+ 18*t^4-9*t^5+ 2*t^6
11a_166,11,2,2,6,4-15*t+ 21*t^2-15*t^3+ 4*t^4
11a_167,11,3,3,5,2-11*t+ 26*t^2-35*t^3+ 26*t^4-11*t^5+ 2*t^6
11a_168,11,3,3,5,2-12*t+ 29*t^2-39*t^3+ 29*t^4-12*t^5+ 2*t^6
11a_169,11,3,3,5,2-12*t+ 28*t^2-37*t^3+ 28*t^4-12*t^5+ 2*t^6
11a_170,11,4,3,4,1-6*t+ 20*t^2-40*t^3+ 51*t^4-40*t^5+ 20*t^6-6*t^7+ t^8
11a_171,11,4,3,4,1-7*t+ 21*t^2-39*t^3+ 47*t^4-39*t^5+ 21*t^6-7*t^7+ t^8
11a_172,11,3,3,5,2-13*t+ 33*t^2-43*t^3+ 33*t^4-13*t^5+ 2*t^6
11a_173,11,3,3,5,2-12*t+ 32*t^2-43*t^3+ 32*t^4-12*t^5+ 2*t^6
11a_174,11,4,2,4,1-5*t+ 11*t^2-15*t^3+ 15*t^4-15*t^5+ 11*t^6-5*t^7+ t^8
11a_175,11,4,2,4,1-5*t+ 13*t^2-21*t^3+ 25*t^4-21*t^5+ 13*t^6-5*t^7+ t^8
11a_176,11,4,2,4,1-5*t+ 13*t^2-23*t^3+ 27*t^4-23*t^5+ 13*t^6-5*t^7+ t^8
11a_177,11,4,2,4,1-5*t+ 13*t^2-19*t^3+ 21*t^4-19*t^5+ 13*t^6-5*t^7+ t^8
11a_178,11,3,2,5,2-11*t+ 29*t^2-39*t^3+ 29*t^4-11*t^5+ 2*t^6
11a_179,11,4,2,4,1-5*t+ 9*t^2-9*t^3+ 9*t^4-9*t^5+ 9*t^6-5*t^7+ t^8
11a_180,11,4,2,4,1-5*t+ 11*t^2-17*t^3+ 21*t^4-17*t^5+ 11*t^6-5*t^7+ t^8
11a_181,11,3,3,5,2-11*t+ 23*t^2-27*t^3+ 23*t^4-11*t^5+ 2*t^6
11a_182,11,4,2,4,1-5*t+ 11*t^2-13*t^3+ 13*t^4-13*t^5+ 11*t^6-5*t^7+ t^8
11a_183,11,3,2,5,2-11*t+ 27*t^2-35*t^3+ 27*t^4-11*t^5+ 2*t^6
11a_184,11,4,2,4,1-5*t+ 11*t^2-17*t^3+ 19*t^4-17*t^5+ 11*t^6-5*t^7+ t^8
11a_185,11,3,2,5,2-11*t+ 25*t^2-33*t^3+ 25*t^4-11*t^5+ 2*t^6
11a_186,11,3,2,4,4-12*t+ 20*t^2-23*t^3+ 20*t^4-12*t^5+ 4*t^6
11a_187,11,3,3,5,2-11*t+ 27*t^2-37*t^3+ 27*t^4-11*t^5+ 2*t^6
11a_188,11,3,2,5,2-9*t+ 15*t^2-15*t^3+ 15*t^4-9*t^5+ 2*t^6
11a_189,11,4,3,4,1-6*t+ 17*t^2-31*t^3+ 39*t^4-31*t^5+ 17*t^6-6*t^7+ t^8
11a_190,11,3,2,5,2-9*t+ 19*t^2-25*t^3+ 19*t^4-9*t^5+ 2*t^6
11a_191,11,3,2,4,4-11*t+ 17*t^2-19*t^3+ 17*t^4-11*t^5+ 4*t^6
11a_192,11,2,2,5,8-24*t+ 33*t^2-24*t^3+ 8*t^4
11a_193,11,3,2,5,2-10*t+ 22*t^2-27*t^3+ 22*t^4-10*t^5+ 2*t^6
11a_194,11,4,3,4,1-5*t+ 12*t^2-18*t^3+ 21*t^4-18*t^5+ 12*t^6-5*t^7+ t^8
11a_195,11,2,2,6,3-13*t+ 21*t^2-13*t^3+ 3*t^4
11a_196,11,4,3,4,1-6*t+ 17*t^2-31*t^3+ 37*t^4-31*t^5+ 17*t^6-6*t^7+ t^8
11a_197,11,3,3,5,3-14*t+ 33*t^2-43*t^3+ 33*t^4-14*t^5+ 3*t^6
11a_198,11,3,3,5,2-11*t+ 27*t^2-35*t^3+ 27*t^4-11*t^5+ 2*t^6
11a_199,11,3,3,5,2-11*t+ 23*t^2-27*t^3+ 23*t^4-11*t^5+ 2*t^6
11a_200,11,2,3,5,7-21*t+ 29*t^2-21*t^3+ 7*t^4
11a_201,11,2,3,6,4-20*t+ 33*t^2-20*t^3+ 4*t^4
11a_202,11,3,3,5,2-12*t+ 26*t^2-31*t^3+ 26*t^4-12*t^5+ 2*t^6
11a_203,11,4,2,4,1-5*t+ 9*t^2-11*t^3+ 11*t^4-11*t^5+ 9*t^6-5*t^7+ t^8
11a_204,11,3,2,5,2-11*t+ 23*t^2-29*t^3+ 23*t^4-11*t^5+ 2*t^6
11a_205,11,3,2,5,2-10*t+ 21*t^2-25*t^3+ 21*t^4-10*t^5+ 2*t^6
11a_206,11,4,2,4,1-5*t+ 7*t^2-7*t^3+ 7*t^4-7*t^5+ 7*t^6-5*t^7+ t^8
11a_207,11,3,2,5,2-11*t+ 19*t^2-21*t^3+ 19*t^4-11*t^5+ 2*t^6
11a_208,11,3,2,5,2-12*t+ 24*t^2-29*t^3+ 24*t^4-12*t^5+ 2*t^6
11a_209,11,3,3,6,1-10*t+ 34*t^2-51*t^3+ 34*t^4-10*t^5+ t^6
11a_210,11,2,2,6,4-18*t+ 29*t^2-18*t^3+ 4*t^4
11a_211,11,2,2,6,3-17*t+ 27*t^2-17*t^3+ 3*t^4
11a_212,11,3,3,5,3-16*t+ 35*t^2-45*t^3+ 35*t^4-16*t^5+ 3*t^6
11a_213,11,3,3,5,3-16*t+ 33*t^2-41*t^3+ 33*t^4-16*t^5+ 3*t^6
11a_214,11,2,3,6,3-17*t+ 29*t^2-17*t^3+ 3*t^4
11a_215,11,4,3,4,1-6*t+ 17*t^2-27*t^3+ 31*t^4-27*t^5+ 17*t^6-6*t^7+ t^8
11a_216,11,4,3,4,1-6*t+ 17*t^2-31*t^3+ 37*t^4-31*t^5+ 17*t^6-6*t^7+ t^8
11a_217,11,4,3,4,1-6*t+ 16*t^2-29*t^3+ 35*t^4-29*t^5+ 16*t^6-6*t^7+ t^8
11a_218,11,3,3,6,1-10*t+ 32*t^2-45*t^3+ 32*t^4-10*t^5+ t^6
11a_219,11,2,3,6,4-22*t+ 35*t^2-22*t^3+ 4*t^4
11a_220,11,3,2,5,2-10*t+ 19*t^2-23*t^3+ 19*t^4-10*t^5+ 2*t^6
11a_221,11,4,3,4,1-5*t+ 10*t^2-15*t^3+ 17*t^4-15*t^5+ 10*t^6-5*t^7+ t^8
11a_222,11,3,3,5,2-11*t+ 23*t^2-29*t^3+ 23*t^4-11*t^5+ 2*t^6
11a_223,11,4,3,4,1-5*t+ 10*t^2-14*t^3+ 15*t^4-14*t^5+ 10*t^6-5*t^7+ t^8
11a_224,11,3,2,5,2-10*t+ 20*t^2-25*t^3+ 20*t^4-10*t^5+ 2*t^6
11a_225,11,3,2,5,2-8*t+ 11*t^2-11*t^3+ 11*t^4-8*t^5+ 2*t^6
11a_226,11,2,2,6,4-18*t+ 27*t^2-18*t^3+ 4*t^4
11a_227,11,3,3,4,5-17*t+ 31*t^2-37*t^3+ 31*t^4-17*t^5+ 5*t^6
11a_228,11,3,3,6,1-10*t+ 32*t^2-47*t^3+ 32*t^4-10*t^5+ t^6
11a_229,11,2,2,6,4-18*t+ 27*t^2-18*t^3+ 4*t^4
11a_230,11,2,2,6,3-13*t+ 19*t^2-13*t^3+ 3*t^4
11a_231,11,4,4,4,1-5*t+ 12*t^2-20*t^3+ 23*t^4-20*t^5+ 12*t^6-5*t^7+ t^8
11a_232,11,4,3,4,1-5*t+ 14*t^2-26*t^3+ 31*t^4-26*t^5+ 14*t^6-5*t^7+ t^8
11a_233,11,4,3,4,1-6*t+ 19*t^2-37*t^3+ 47*t^4-37*t^5+ 19*t^6-6*t^7+ t^8
11a_234,11,4,2,3,2-4*t+ 5*t^2-5*t^3+ 5*t^4-5*t^5+ 5*t^6-4*t^7+ 2*t^8
11a_235,11,3,2,4,4-10*t+ 14*t^2-15*t^3+ 14*t^4-10*t^5+ 4*t^6
11a_236,11,3,2,4,4-12*t+ 21*t^2-25*t^3+ 21*t^4-12*t^5+ 4*t^6
11a_237,11,2,3,5,8-23*t+ 31*t^2-23*t^3+ 8*t^4
11a_238,11,2,2,5,6-16*t+ 21*t^2-16*t^3+ 6*t^4
11a_239,11,4,3,4,1-7*t+ 22*t^2-42*t^3+ 51*t^4-42*t^5+ 22*t^6-7*t^7+ t^8
11a_240,11,4,3,3,2-5*t+ 8*t^2-10*t^3+ 11*t^4-10*t^5+ 8*t^6-5*t^7+ 2*t^8
11a_241,11,3,3,4,4-12*t+ 20*t^2-23*t^3+ 20*t^4-12*t^5+ 4*t^6
11a_242,11,3,2,4,3-7*t+ 9*t^2-9*t^3+ 9*t^4-7*t^5+ 3*t^6
11a_243,11,2,2,5,6-17*t+ 23*t^2-17*t^3+ 6*t^4
11a_244,11,3,3,4,5-17*t+ 32*t^2-39*t^3+ 32*t^4-17*t^5+ 5*t^6
11a_245,11,3,3,4,3-9*t+ 16*t^2-19*t^3+ 16*t^4-9*t^5+ 3*t^6
11a_246,11,2,2,5,4-10*t+ 13*t^2-10*t^3+ 4*t^4
11a_247,11,1,2,6,5-9*t+ 5*t^2
11a_248,11,4,3,4,1-6*t+ 18*t^2-34*t^3+ 41*t^4-34*t^5+ 18*t^6-6*t^7+ t^8
11a_249,11,3,3,5,2-11*t+ 27*t^2-37*t^3+ 27*t^4-11*t^5+ 2*t^6
11a_250,11,4,3,4,1-5*t+ 11*t^2-16*t^3+ 19*t^4-16*t^5+ 11*t^6-5*t^7+ t^8
11a_251,11,4,3,4,1-6*t+ 16*t^2-27*t^3+ 33*t^4-27*t^5+ 16*t^6-6*t^7+ t^8
11a_252,11,4,3,4,1-6*t+ 16*t^2-27*t^3+ 31*t^4-27*t^5+ 16*t^6-6*t^7+ t^8
11a_253,11,4,3,4,1-6*t+ 16*t^2-27*t^3+ 33*t^4-27*t^5+ 16*t^6-6*t^7+ t^8
11a_254,11,4,3,4,1-6*t+ 16*t^2-27*t^3+ 31*t^4-27*t^5+ 16*t^6-6*t^7+ t^8
11a_255,11,4,3,4,1-6*t+ 17*t^2-30*t^3+ 35*t^4-30*t^5+ 17*t^6-6*t^7+ t^8
11a_256,11,3,3,5,2-12*t+ 31*t^2-43*t^3+ 31*t^4-12*t^5+ 2*t^6
11a_257,11,4,3,4,1-5*t+ 12*t^2-19*t^3+ 23*t^4-19*t^5+ 12*t^6-5*t^7+ t^8
11a_258,11,3,3,5,2-9*t+ 17*t^2-19*t^3+ 17*t^4-9*t^5+ 2*t^6
11a_259,11,4,3,4,1-5*t+ 10*t^2-15*t^3+ 17*t^4-15*t^5+ 10*t^6-5*t^7+ t^8
11a_260,11,3,3,5,2-9*t+ 15*t^2-17*t^3+ 15*t^4-9*t^5+ 2*t^6
11a_261,11,4,3,4,1-6*t+ 16*t^2-26*t^3+ 31*t^4-26*t^5+ 16*t^6-6*t^7+ t^8
11a_262,11,3,3,5,2-11*t+ 25*t^2-31*t^3+ 25*t^4-11*t^5+ 2*t^6
11a_263,11,4,4,4,2-6*t+ 11*t^2-14*t^3+ 15*t^4-14*t^5+ 11*t^6-6*t^7+ 2*t^8
11a_264,11,4,3,4,1-6*t+ 16*t^2-28*t^3+ 33*t^4-28*t^5+ 16*t^6-6*t^7+ t^8
11a_265,11,3,3,5,2-11*t+ 25*t^2-33*t^3+ 25*t^4-11*t^5+ 2*t^6
11a_266,11,4,3,4,1-7*t+ 23*t^2-45*t^3+ 57*t^4-45*t^5+ 23*t^6-7*t^7+ t^8
11a_267,11,4,3,4,1-7*t+ 22*t^2-41*t^3+ 49*t^4-41*t^5+ 22*t^6-7*t^7+ t^8
11a_268,11,4,3,4,1-6*t+ 17*t^2-29*t^3+ 33*t^4-29*t^5+ 17*t^6-6*t^7+ t^8
11a_269,11,4,3,4,1-6*t+ 18*t^2-32*t^3+ 37*t^4-32*t^5+ 18*t^6-6*t^7+ t^8
11a_270,11,3,3,5,2-12*t+ 32*t^2-45*t^3+ 32*t^4-12*t^5+ 2*t^6
11a_271,11,3,3,5,3-17*t+ 40*t^2-51*t^3+ 40*t^4-17*t^5+ 3*t^6
11a_272,11,3,3,5,2-13*t+ 35*t^2-49*t^3+ 35*t^4-13*t^5+ 2*t^6
11a_273,11,3,3,5,3-16*t+ 37*t^2-47*t^3+ 37*t^4-16*t^5+ 3*t^6
11a_274,11,4,3,4,1-6*t+ 18*t^2-35*t^3+ 45*t^4-35*t^5+ 18*t^6-6*t^7+ t^8
11a_275,11,3,3,5,3-15*t+ 29*t^2-35*t^3+ 29*t^4-15*t^5+ 3*t^6
11a_276,11,3,3,5,3-17*t+ 37*t^2-47*t^3+ 37*t^4-17*t^5+ 3*t^6
11a_277,11,4,3,4,1-6*t+ 17*t^2-28*t^3+ 31*t^4-28*t^5+ 17*t^6-6*t^7+ t^8
11a_278,11,3,3,5,2-12*t+ 33*t^2-47*t^3+ 33*t^4-12*t^5+ 2*t^6
11a_279,11,3,3,5,3-12*t+ 20*t^2-21*t^3+ 20*t^4-12*t^5+ 3*t^6
11a_280,11,2,3,6,6-26*t+ 41*t^2-26*t^3+ 6*t^4
11a_281,11,4,3,4,1-6*t+ 18*t^2-33*t^3+ 39*t^4-33*t^5+ 18*t^6-6*t^7+ t^8
11a_282,11,4,3,4,1-6*t+ 16*t^2-26*t^3+ 29*t^4-26*t^5+ 16*t^6-6*t^7+ t^8
11a_283,11,3,3,5,3-15*t+ 34*t^2-43*t^3+ 34*t^4-15*t^5+ 3*t^6
11a_284,11,4,3,4,1-7*t+ 21*t^2-38*t^3+ 45*t^4-38*t^5+ 21*t^6-7*t^7+ t^8
11a_285,11,3,3,5,2-14*t+ 38*t^2-53*t^3+ 38*t^4-14*t^5+ 2*t^6
11a_286,11,4,3,4,1-6*t+ 17*t^2-31*t^3+ 37*t^4-31*t^5+ 17*t^6-6*t^7+ t^8
11a_287,11,4,3,4,1-7*t+ 21*t^2-38*t^3+ 47*t^4-38*t^5+ 21*t^6-7*t^7+ t^8
11a_288,11,4,3,4,1-7*t+ 23*t^2-44*t^3+ 55*t^4-44*t^5+ 23*t^6-7*t^7+ t^8
11a_289,11,4,3,4,1-6*t+ 17*t^2-30*t^3+ 37*t^4-30*t^5+ 17*t^6-6*t^7+ t^8
11a_290,11,3,3,5,3-15*t+ 32*t^2-41*t^3+ 32*t^4-15*t^5+ 3*t^6
11a_291,11,3,3,4,5-14*t+ 20*t^2-21*t^3+ 20*t^4-14*t^5+ 5*t^6
11a_292,11,2,3,5,10-32*t+ 45*t^2-32*t^3+ 10*t^4
11a_293,11,4,3,4,1-5*t+ 12*t^2-15*t^3+ 15*t^4-15*t^5+ 12*t^6-5*t^7+ t^8
11a_294,11,3,3,5,2-11*t+ 29*t^2-39*t^3+ 29*t^4-11*t^5+ 2*t^6
11a_295,11,3,3,5,3-14*t+ 24*t^2-27*t^3+ 24*t^4-14*t^5+ 3*t^6
11a_296,11,2,3,6,6-28*t+ 43*t^2-28*t^3+ 6*t^4
11a_297,11,3,3,5,2-15*t+ 42*t^2-57*t^3+ 42*t^4-15*t^5+ 2*t^6
11a_298,11,3,3,4,5-16*t+ 28*t^2-33*t^3+ 28*t^4-16*t^5+ 5*t^6
11a_299,11,2,3,5,8-24*t+ 33*t^2-24*t^3+ 8*t^4
11a_300,11,4,3,4,1-6*t+ 17*t^2-32*t^3+ 41*t^4-32*t^5+ 17*t^6-6*t^7+ t^8
11a_301,11,4,3,4,1-7*t+ 22*t^2-43*t^3+ 53*t^4-43*t^5+ 22*t^6-7*t^7+ t^8
11a_302,11,4,3,4,1-7*t+ 20*t^2-33*t^3+ 39*t^4-33*t^5+ 20*t^6-7*t^7+ t^8
11a_303,11,3,3,5,3-15*t+ 34*t^2-45*t^3+ 34*t^4-15*t^5+ 3*t^6
11a_304,11,3,3,5,3-14*t+ 26*t^2-31*t^3+ 26*t^4-14*t^5+ 3*t^6
11a_305,11,4,3,4,1-6*t+ 16*t^2-28*t^3+ 33*t^4-28*t^5+ 16*t^6-6*t^7+ t^8
11a_306,11,4,2,4,1-5*t+ 13*t^2-21*t^3+ 25*t^4-21*t^5+ 13*t^6-5*t^7+ t^8
11a_307,11,3,2,5,2-9*t+ 19*t^2-23*t^3+ 19*t^4-9*t^5+ 2*t^6
11a_308,11,4,2,4,1-5*t+ 9*t^2-13*t^3+ 15*t^4-13*t^5+ 9*t^6-5*t^7+ t^8
11a_309,11,3,2,5,2-11*t+ 21*t^2-25*t^3+ 21*t^4-11*t^5+ 2*t^6
11a_310,11,3,2,5,2-9*t+ 13*t^2-13*t^3+ 13*t^4-9*t^5+ 2*t^6
11a_311,11,2,2,6,4-20*t+ 31*t^2-20*t^3+ 4*t^4
11a_312,11,3,3,5,3-13*t+ 27*t^2-33*t^3+ 27*t^4-13*t^5+ 3*t^6
11a_313,11,2,3,6,5-19*t+ 29*t^2-19*t^3+ 5*t^4
11a_314,11,4,3,4,1-7*t+ 21*t^2-36*t^3+ 41*t^4-36*t^5+ 21*t^6-7*t^7+ t^8
11a_315,11,4,3,4,1-6*t+ 18*t^2-33*t^3+ 41*t^4-33*t^5+ 18*t^6-6*t^7+ t^8
11a_316,11,4,3,4,1-5*t+ 14*t^2-25*t^3+ 31*t^4-25*t^5+ 14*t^6-5*t^7+ t^8
11a_317,11,3,3,5,3-14*t+ 28*t^2-35*t^3+ 28*t^4-14*t^5+ 3*t^6
11a_318,11,3,3,4,5-16*t+ 29*t^2-35*t^3+ 29*t^4-16*t^5+ 5*t^6
11a_319,11,3,3,4,5-15*t+ 25*t^2-29*t^3+ 25*t^4-15*t^5+ 5*t^6
11a_320,11,2,3,5,9-27*t+ 37*t^2-27*t^3+ 9*t^4
11a_321,11,3,3,5,3-15*t+ 27*t^2-31*t^3+ 27*t^4-15*t^5+ 3*t^6
11a_322,11,3,3,5,2-13*t+ 36*t^2-49*t^3+ 36*t^4-13*t^5+ 2*t^6
11a_323,11,3,3,5,2-9*t+ 19*t^2-23*t^3+ 19*t^4-9*t^5+ 2*t^6
11a_324,11,2,3,6,5-25*t+ 39*t^2-25*t^3+ 5*t^4
11a_325,11,2,3,6,6-24*t+ 35*t^2-24*t^3+ 6*t^4
11a_326,11,4,3,4,1-6*t+ 19*t^2-36*t^3+ 45*t^4-36*t^5+ 19*t^6-6*t^7+ t^8
11a_327,11,3,3,5,3-17*t+ 44*t^2-59*t^3+ 44*t^4-17*t^5+ 3*t^6
11a_328,11,3,3,5,3-16*t+ 34*t^2-43*t^3+ 34*t^4-16*t^5+ 3*t^6
11a_329,11,2,3,5,11-36*t+ 51*t^2-36*t^3+ 11*t^4
11a_330,11,4,3,4,1-5*t+ 12*t^2-17*t^3+ 19*t^4-17*t^5+ 12*t^6-5*t^7+ t^8
11a_331,11,3,3,5,2-11*t+ 27*t^2-35*t^3+ 27*t^4-11*t^5+ 2*t^6
11a_332,11,4,3,4,1-7*t+ 22*t^2-40*t^3+ 49*t^4-40*t^5+ 22*t^6-7*t^7+ t^8
11a_333,11,2,2,6,4-16*t+ 25*t^2-16*t^3+ 4*t^4
11a_334,11,4,2,3,2-4*t+ 6*t^2-8*t^3+ 9*t^4-8*t^5+ 6*t^6-4*t^7+ 2*t^8
11a_335,11,3,2,4,4-10*t+ 15*t^2-17*t^3+ 15*t^4-10*t^5+ 4*t^6
11a_336,11,3,2,4,4-9*t+ 11*t^2-11*t^3+ 11*t^4-9*t^5+ 4*t^6
11a_337,11,2,2,5,8-22*t+ 29*t^2-22*t^3+ 8*t^4
11a_338,11,4,3,3,2-5*t+ 9*t^2-12*t^3+ 13*t^4-12*t^5+ 9*t^6-5*t^7+ 2*t^8
11a_339,11,3,2,4,3-7*t+ 11*t^2-13*t^3+ 11*t^4-7*t^5+ 3*t^6
11a_340,11,3,3,4,4-11*t+ 18*t^2-21*t^3+ 18*t^4-11*t^5+ 4*t^6
11a_341,11,2,2,5,6-15*t+ 19*t^2-15*t^3+ 6*t^4
11a_342,11,2,2,5,4-7*t+ 7*t^2-7*t^3+ 4*t^4
11a_343,11,1,2,6,8-15*t+ 8*t^2
11a_344,11,3,3,5,3-15*t+ 29*t^2-35*t^3+ 29*t^4-15*t^5+ 3*t^6
11a_345,11,2,3,6,5-23*t+ 35*t^2-23*t^3+ 5*t^4
11a_346,11,4,3,4,1-5*t+ 12*t^2-18*t^3+ 21*t^4-18*t^5+ 12*t^6-5*t^7+ t^8
11a_347,11,3,3,5,2-11*t+ 26*t^2-33*t^3+ 26*t^4-11*t^5+ 2*t^6
11a_348,11,4,3,4,1-7*t+ 19*t^2-29*t^3+ 33*t^4-29*t^5+ 19*t^6-7*t^7+ t^8
11a_349,11,3,3,5,2-14*t+ 37*t^2-49*t^3+ 37*t^4-14*t^5+ 2*t^6
11a_350,11,4,3,4,1-7*t+ 21*t^2-39*t^3+ 49*t^4-39*t^5+ 21*t^6-7*t^7+ t^8
11a_351,11,4,3,4,1-7*t+ 20*t^2-34*t^3+ 41*t^4-34*t^5+ 20*t^6-7*t^7+ t^8
11a_352,11,3,3,5,2-13*t+ 32*t^2-41*t^3+ 32*t^4-13*t^5+ 2*t^6
11a_353,11,3,3,4,5-15*t+ 26*t^2-31*t^3+ 26*t^4-15*t^5+ 5*t^6
11a_354,11,2,3,5,9-26*t+ 35*t^2-26*t^3+ 9*t^4
11a_355,11,4,2,3,2-4*t+ 6*t^2-7*t^3+ 7*t^4-7*t^5+ 6*t^6-4*t^7+ 2*t^8
11a_356,11,3,2,4,4-10*t+ 16*t^2-19*t^3+ 16*t^4-10*t^5+ 4*t^6
11a_357,11,3,2,4,4-11*t+ 19*t^2-23*t^3+ 19*t^4-11*t^5+ 4*t^6
11a_358,11,3,2,4,3-5*t+ 5*t^2-5*t^3+ 5*t^4-5*t^5+ 3*t^6
11a_359,11,2,2,5,6-13*t+ 15*t^2-13*t^3+ 6*t^4
11a_360,11,2,2,5,6-14*t+ 17*t^2-14*t^3+ 6*t^4
11a_361,11,2,3,5,7-17*t+ 21*t^2-17*t^3+ 7*t^4
11a_362,11,1,3,6,10-19*t+ 10*t^2
11a_363,11,1,2,6,9-17*t+ 9*t^2
11a_364,11,4,2,3,2-3*t+ 3*t^2-3*t^3+ 3*t^4-3*t^5+ 3*t^6-3*t^7+ 2*t^8
11a_365,11,3,2,4,4-8*t+ 9*t^2-9*t^3+ 9*t^4-8*t^5+ 4*t^6
11a_366,11,2,3,5,8-20*t+ 25*t^2-20*t^3+ 8*t^4
11a_367,11,5,2,2,1-t+ t^2-t^3+ t^4-t^5+ t^6-t^7+ t^8-t^9+ t^10
11n_1,11,2,3,5,1-7*t+ 11*t^2-7*t^3+ t^4
11n_2,11,3,3,5,2-8*t+ 12*t^2-13*t^3+ 12*t^4-8*t^5+ 2*t^6
11n_3,11,2,3,5,3-11*t+ 15*t^2-11*t^3+ 3*t^4
11n_4,11,3,3,4,1-5*t+ 11*t^2-15*t^3+ 11*t^4-5*t^5+ t^6
11n_5,11,3,3,4,1-7*t+ 17*t^2-21*t^3+ 17*t^4-7*t^5+ t^6
11n_6,11,3,3,5,1-3*t+ 3*t^2-3*t^3+ 3*t^4-3*t^5+ t^6
11n_7,11,3,3,5,1-6*t+ 16*t^2-21*t^3+ 16*t^4-6*t^5+ t^6
11n_8,11,3,3,4,1-6*t+ 12*t^2-15*t^3+ 12*t^4-6*t^5+ t^6
11n_9,11,4,3,4,1-3*t+ t^2+ 4*t^3-7*t^4+ 4*t^5+ t^6-3*t^7+ t^8
11n_10,11,3,3,4,1-7*t+ 15*t^2-19*t^3+ 15*t^4-7*t^5+ t^6
11n_11,11,3,3,4,1-5*t+ 13*t^2-17*t^3+ 13*t^4-5*t^5+ t^6
11n_12,11,2,3,4,1-3*t+ 5*t^2-3*t^3+ t^4
11n_13,11,4,3,4,1-3*t+ 2*t^2-t^3+ t^4-t^5+ 2*t^6-3*t^7+ t^8
11n_14,11,3,3,4,1-6*t+ 10*t^2-11*t^3+ 10*t^4-6*t^5+ t^6
11n_15,11,3,3,4,1-4*t+ 8*t^2-9*t^3+ 8*t^4-4*t^5+ t^6
11n_16,11,3,3,5,2-7*t+ 7*t^2-5*t^3+ 7*t^4-7*t^5+ 2*t^6
11n_17,11,2,3,5,2-12*t+ 19*t^2-12*t^3+ 2*t^4
11n_18,11,2,3,5,2-8*t+ 13*t^2-8*t^3+ 2*t^4
11n_19,11,3,3,4,1-2*t+ t^3-2*t^5+ t^6
11n_20,11,2,3,5,2-6*t+ 7*t^2-6*t^3+ 2*t^4
11n_21,11,3,3,4,1-5*t+ 11*t^2-15*t^3+ 11*t^4-5*t^5+ t^6
11n_22,11,3,3,4,1-5*t+ 13*t^2-17*t^3+ 13*t^4-5*t^5+ t^6
11n_23,11,4,3,4,1-3*t+ 5*t^2-4*t^3+ 3*t^4-4*t^5+ 5*t^6-3*t^7+ t^8
11n_24,11,3,3,4,1-3*t+ 5*t^2-5*t^3+ 5*t^4-3*t^5+ t^6
11n_25,11,3,3,4,1-5*t+ 11*t^2-13*t^3+ 11*t^4-5*t^5+ t^6
11n_26,11,3,3,4,1-5*t+ 9*t^2-11*t^3+ 9*t^4-5*t^5+ t^6
11n_27,11,4,3,4,1-3*t+ 3*t^2-2*t^3+ t^4-2*t^5+ 3*t^6-3*t^7+ t^8
11n_28,11,2,3,5,1-5*t+ 9*t^2-5*t^3+ t^4
11n_29,11,2,3,5,3-13*t+ 19*t^2-13*t^3+ 3*t^4
11n_30,11,3,3,5,2-6*t+ 6*t^2-5*t^3+ 6*t^4-6*t^5+ 2*t^6
11n_31,11,3,3,5,1-2*t-2*t^2+ 5*t^3-2*t^4-2*t^5+ t^6
11n_32,11,3,3,5,1-6*t+ 16*t^2-23*t^3+ 16*t^4-6*t^5+ t^6
11n_33,11,3,3,5,1-6*t+ 12*t^2-13*t^3+ 12*t^4-6*t^5+ t^6
11n_34,11,3,3,4,1
11n_35,11,3,3,4,2-10*t+ 20*t^2-25*t^3+ 20*t^4-10*t^5+ 2*t^6
11n_36,11,4,3,4,1-4*t+ 8*t^2-13*t^3+ 15*t^4-13*t^5+ 8*t^6-4*t^7+ t^8
11n_37,11,3,3,4,1-3*t+ 5*t^2-7*t^3+ 5*t^4-3*t^5+ t^6
11n_38,11,2,3,4,1-t-t^2-t^3+ t^4
11n_39,11,2,3,4,2-6*t+ 9*t^2-6*t^3+ 2*t^4
11n_40,11,3,3,4,2-8*t+ 18*t^2-23*t^3+ 18*t^4-8*t^5+ 2*t^6
11n_41,11,4,3,4,1-4*t+ 8*t^2-9*t^3+ 9*t^4-9*t^5+ 8*t^6-4*t^7+ t^8
11n_42,11,2,3,4,1
11n_43,11,3,3,4,2-10*t+ 20*t^2-25*t^3+ 20*t^4-10*t^5+ 2*t^6
11n_44,11,4,3,4,1-4*t+ 8*t^2-13*t^3+ 15*t^4-13*t^5+ 8*t^6-4*t^7+ t^8
11n_45,11,3,3,4,2-6*t+ 9*t^2-6*t^3+ 2*t^4
11n_46,11,3,3,4,2-8*t+ 18*t^2-23*t^3+ 18*t^4-8*t^5+ 2*t^6
11n_47,11,4,3,4,1-4*t+ 8*t^2-9*t^3+ 9*t^4-9*t^5+ 8*t^6-4*t^7+ t^8
11n_48,11,3,3,4,1-3*t+ 6*t^2-9*t^3+ 6*t^4-3*t^5+ t^6
11n_49,11,2,3,5,1-3*t^2+ t^4
11n_50,11,2,3,4,2-6*t+ 9*t^2-6*t^3+ 2*t^4
11n_51,11,3,3,4,1-4*t+ 6*t^2-7*t^3+ 6*t^4-4*t^5+ t^6
11n_52,11,3,3,4,1-6*t+ 14*t^2-17*t^3+ 14*t^4-6*t^5+ t^6
11n_53,11,3,3,4,1-4*t+ 8*t^2-11*t^3+ 8*t^4-4*t^5+ t^6
11n_54,11,3,3,4,1-4*t+ 10*t^2-13*t^3+ 10*t^4-4*t^5+ t^6
11n_55,11,3,3,4,1-6*t+ 14*t^2-19*t^3+ 14*t^4-6*t^5+ t^6
11n_56,11,3,3,4,1-4*t+ 8*t^2-9*t^3+ 8*t^4-4*t^5+ t^6
11n_57,11,4,3,4,1-3*t+ 2*t^2+ t^3-3*t^4+ t^5+ 2*t^6-3*t^7+ t^8
11n_58,11,3,3,4,1-4*t+ 8*t^2-9*t^3+ 8*t^4-4*t^5+ t^6
11n_59,11,3,3,4,1-6*t+ 12*t^2-15*t^3+ 12*t^4-6*t^5+ t^6
11n_60,11,4,3,4,1-3*t+ 4*t^2-5*t^3+ 5*t^4-5*t^5+ 4*t^6-3*t^7+ t^8
11n_61,11,4,3,4,1-3*t+ 4*t^2-t^3-t^4-t^5+ 4*t^6-3*t^7+ t^8
11n_62,11,2,3,5,2-8*t+ 13*t^2-8*t^3+ 2*t^4
11n_63,11,2,3,5,2-10*t+ 15*t^2-10*t^3+ 2*t^4
11n_64,11,3,3,5,2-5*t+ 3*t^2-t^3+ 3*t^4-5*t^5+ 2*t^6
11n_65,11,2,3,4,3-8*t+ 11*t^2-8*t^3+ 3*t^4
11n_66,11,3,3,4,1-7*t+ 18*t^2-23*t^3+ 18*t^4-7*t^5+ t^6
11n_67,11,2,3,5,2-5*t+ 2*t^2
11n_68,11,2,3,5,4-16*t+ 23*t^2-16*t^3+ 4*t^4
11n_69,11,3,3,5,2-7*t+ 9*t^2-9*t^3+ 9*t^4-7*t^5+ 2*t^6
11n_70,11,3,3,4,1-2*t+ 2*t^2-3*t^3+ 2*t^4-2*t^5+ t^6
11n_71,11,3,4,4,2-7*t+ 14*t^2-17*t^3+ 14*t^4-7*t^5+ 2*t^6
11n_72,11,3,4,4,2-9*t+ 18*t^2-23*t^3+ 18*t^4-9*t^5+ 2*t^6
11n_73,11,3,4,4,1-2*t+ 3*t^2-2*t^3+ t^4
11n_74,11,2,4,4,1-2*t+ 3*t^2-2*t^3+ t^4
11n_75,11,3,4,4,2-7*t+ 14*t^2-17*t^3+ 14*t^4-7*t^5+ 2*t^6
11n_76,11,4,4,4,1-3*t+ 6*t^2-8*t^3+ 9*t^4-8*t^5+ 6*t^6-3*t^7+ t^8
11n_77,11,4,4,4,1-t-2*t^2+ 8*t^3-11*t^4+ 8*t^5-2*t^6-t^7+ t^8
11n_78,11,4,4,4,1-3*t+ 6*t^2-8*t^3+ 9*t^4-8*t^5+ 6*t^6-3*t^7+ t^8
11n_79,11,2,3,5,2-4*t+ 3*t^2-4*t^3+ 2*t^4
11n_80,11,3,3,5,1-t-5*t^2+ 9*t^3-5*t^4-t^5+ t^6
11n_81,11,4,4,4,1-3*t+ 4*t^2-4*t^3+ 3*t^4-4*t^5+ 4*t^6-3*t^7+ t^8
11n_82,11,3,3,4,1-3*t+ 4*t^2-3*t^3+ 4*t^4-3*t^5+ t^6
11n_83,11,2,3,5,3-12*t+ 19*t^2-12*t^3+ 3*t^4
11n_84,11,2,3,4,2-9*t+ 13*t^2-9*t^3+ 2*t^4
11n_85,11,3,3,4,1-5*t+ 10*t^2-13*t^3+ 10*t^4-5*t^5+ t^6
11n_86,11,3,3,4,1-4*t+ 7*t^2-9*t^3+ 7*t^4-4*t^5+ t^6
11n_87,11,3,3,4,1-5*t+ 12*t^2-15*t^3+ 12*t^4-5*t^5+ t^6
11n_88,11,4,3,4,1-3*t+ 2*t^2-t^4+ 2*t^6-3*t^7+ t^8
11n_89,11,3,3,4,1-7*t+ 14*t^2-17*t^3+ 14*t^4-7*t^5+ t^6
11n_90,11,3,3,5,2-7*t+ 8*t^2-7*t^3+ 8*t^4-7*t^5+ 2*t^6
11n_91,11,2,3,5,1-8*t+ 13*t^2-8*t^3+ t^4
11n_92,11,3,3,4,1-3*t+ 3*t^2-t^3+ 3*t^4-3*t^5+ t^6
11n_93,11,3,3,4,3-7*t+ 9*t^2-9*t^3+ 9*t^4-7*t^5+ 3*t^6
11n_94,11,3,3,4,1-6*t+ 13*t^2-17*t^3+ 13*t^4-6*t^5+ t^6
11n_95,11,3,3,4,1-5*t+ 7*t^2-7*t^3+ 7*t^4-5*t^5+ t^6
11n_96,11,3,3,4,1-2*t+ t^2+ t^3+ t^4-2*t^5+ t^6
11n_97,11,2,3,5,2-5*t+ 2*t^2
11n_98,11,3,3,4,1-7*t+ 16*t^2-21*t^3+ 16*t^4-7*t^5+ t^6
11n_99,11,2,3,4,3-10*t+ 13*t^2-10*t^3+ 3*t^4
11n_100,11,2,3,5,2-11*t+ 19*t^2-11*t^3+ 2*t^4
11n_101,11,2,3,5,2-10*t+ 15*t^2-10*t^3+ 2*t^4
11n_102,11,2,3,5,1-t-t^2-t^3+ t^4
11n_103,11,3,3,4,1-7*t+ 15*t^2-19*t^3+ 15*t^4-7*t^5+ t^6
11n_104,11,4,3,4,1-3*t+ 2*t^2+ 2*t^3-5*t^4+ 2*t^5+ 2*t^6-3*t^7+ t^8
11n_105,11,3,3,4,1-7*t+ 16*t^2-21*t^3+ 16*t^4-7*t^5+ t^6
11n_106,11,3,3,4,1-3*t+ 6*t^2-7*t^3+ 6*t^4-3*t^5+ t^6
11n_107,11,4,3,4,1-3*t+ 4*t^2-2*t^3+ t^4-2*t^5+ 4*t^6-3*t^7+ t^8
11n_108,11,3,3,4,1-8*t+ 17*t^2-21*t^3+ 17*t^4-8*t^5+ t^6
11n_109,11,3,3,4,1-7*t+ 13*t^2-15*t^3+ 13*t^4-7*t^5+ t^6
11n_110,11,3,3,4,1-4*t+ 9*t^2-13*t^3+ 9*t^4-4*t^5+ t^6
11n_111,11,3,3,4,1-t-3*t^2+ 5*t^3-3*t^4-t^5+ t^6
11n_112,11,3,3,4,1-5*t+ 13*t^2-17*t^3+ 13*t^4-5*t^5+ t^6
11n_113,11,2,3,5,1-9*t+ 15*t^2-9*t^3+ t^4
11n_114,11,2,3,5,3-13*t+ 21*t^2-13*t^3+ 3*t^4
11n_115,11,3,3,5,1-6*t+ 18*t^2-27*t^3+ 18*t^4-6*t^5+ t^6
11n_116,11,2,3,5,1-3*t^2+ t^4
11n_117,11,2,3,5,3-9*t+ 11*t^2-9*t^3+ 3*t^4
11n_118,11,3,3,4,1-4*t+ 4*t^2-3*t^3+ 4*t^4-4*t^5+ t^6
11n_119,11,3,3,4,1-6*t+ 16*t^2-23*t^3+ 16*t^4-6*t^5+ t^6
11n_120,11,4,3,4,1-4*t+ 7*t^2-8*t^3+ 7*t^4-8*t^5+ 7*t^6-4*t^7+ t^8
11n_121,11,3,3,4,1-6*t+ 10*t^2-11*t^3+ 10*t^4-6*t^5+ t^6
11n_122,11,2,3,4,2-7*t+ 9*t^2-7*t^3+ 2*t^4
11n_123,11,2,3,5,3-14*t+ 23*t^2-14*t^3+ 3*t^4
11n_124,11,3,3,5,1-6*t+ 14*t^2-17*t^3+ 14*t^4-6*t^5+ t^6
11n_125,11,3,3,4,1-6*t+ 15*t^2-19*t^3+ 15*t^4-6*t^5+ t^6
11n_126,11,3,3,4,3-6*t+ 4*t^2-t^3+ 4*t^4-6*t^5+ 3*t^6
11n_127,11,3,3,4,1-5*t+ 13*t^2-17*t^3+ 13*t^4-5*t^5+ t^6
11n_128,11,3,3,4,1-5*t+ 10*t^2-11*t^3+ 10*t^4-5*t^5+ t^6
11n_129,11,3,3,4,1-4*t+ 10*t^2-13*t^3+ 10*t^4-4*t^5+ t^6
11n_130,11,3,3,4,1-5*t+ 12*t^2-17*t^3+ 12*t^4-5*t^5+ t^6
11n_131,11,3,3,4,1-6*t+ 16*t^2-21*t^3+ 16*t^4-6*t^5+ t^6
11n_132,11,2,3,4,2-6*t+ 9*t^2-6*t^3+ 2*t^4
11n_133,11,4,3,4,1-4*t+ 6*t^2-2*t^3-t^4-2*t^5+ 6*t^6-4*t^7+ t^8
11n_134,11,2,3,4,3-12*t+ 17*t^2-12*t^3+ 3*t^4
11n_135,11,3,3,4,1-2*t+ t^3-2*t^5+ t^6
11n_136,11,3,3,4,3-8*t+ 13*t^2-15*t^3+ 13*t^4-8*t^5+ 3*t^6
11n_137,11,3,3,4,1-7*t+ 13*t^2-15*t^3+ 13*t^4-7*t^5+ t^6
11n_138,11,2,3,4,2-4*t+ 3*t^2-4*t^3+ 2*t^4
11n_139,11,1,3,5,2-5*t+ 2*t^2
11n_140,11,2,3,5,2-13*t+ 21*t^2-13*t^3+ 2*t^4
11n_141,11,1,3,5,5-11*t+ 5*t^2
11n_142,11,2,3,5,1-8*t+ 15*t^2-8*t^3+ t^4
11n_143,11,3,3,4,1-2*t+ t^2-t^3+ t^4-2*t^5+ t^6
11n_144,11,3,3,4,1-7*t+ 15*t^2-19*t^3+ 15*t^4-7*t^5+ t^6
11n_145,11,3,3,4,1-t-3*t^2+ 7*t^3-3*t^4-t^5+ t^6
11n_146,11,3,3,4,1-5*t+ 15*t^2-21*t^3+ 15*t^4-5*t^5+ t^6
11n_147,11,4,3,4,1-4*t+ 7*t^2-5*t^3+ 3*t^4-5*t^5+ 7*t^6-4*t^7+ t^8
11n_148,11,4,3,4,1-5*t+ 10*t^2-14*t^3+ 15*t^4-14*t^5+ 10*t^6-5*t^7+ t^8
11n_149,11,4,3,4,1-4*t+ 6*t^2-4*t^3+ 3*t^4-4*t^5+ 6*t^6-4*t^7+ t^8
11n_150,11,3,3,5,2-9*t+ 17*t^2-19*t^3+ 17*t^4-9*t^5+ 2*t^6
11n_151,11,2,3,4,2-6*t+ 7*t^2-6*t^3+ 2*t^4
11n_152,11,3,3,4,2-6*t+ 7*t^2-6*t^3+ 2*t^4
11n_153,11,4,3,4,1-4*t+ 7*t^2-10*t^3+ 13*t^4-10*t^5+ 7*t^6-4*t^7+ t^8
11n_154,11,3,3,4,1-7*t+ 19*t^2-25*t^3+ 19*t^4-7*t^5+ t^6
11n_155,11,3,3,5,2-8*t+ 11*t^2-9*t^3+ 11*t^4-8*t^5+ 2*t^6
11n_156,11,3,3,4,1-7*t+ 18*t^2-25*t^3+ 18*t^4-7*t^5+ t^6
11n_157,11,3,3,4,1-6*t+ 15*t^2-21*t^3+ 15*t^4-6*t^5+ t^6
11n_158,11,4,3,4,1-4*t+ 7*t^2-7*t^3+ 7*t^4-7*t^5+ 7*t^6-4*t^7+ t^8
11n_159,11,3,3,4,1-6*t+ 17*t^2-23*t^3+ 17*t^4-6*t^5+ t^6
11n_160,11,3,3,4,1-6*t+ 16*t^2-21*t^3+ 16*t^4-6*t^5+ t^6
11n_161,11,3,3,5,2-8*t+ 14*t^2-15*t^3+ 14*t^4-8*t^5+ 2*t^6
11n_162,11,2,3,5,3-14*t+ 21*t^2-14*t^3+ 3*t^4
11n_163,11,3,3,4,1-8*t+ 22*t^2-29*t^3+ 22*t^4-8*t^5+ t^6
11n_164,11,3,3,4,1-5*t+ 10*t^2-13*t^3+ 10*t^4-5*t^5+ t^6
11n_165,11,3,3,5,1-7*t+ 20*t^2-29*t^3+ 20*t^4-7*t^5+ t^6
11n_166,11,4,3,4,1-4*t+ 8*t^2-11*t^3+ 11*t^4-11*t^5+ 8*t^6-4*t^7+ t^8
11n_167,11,3,3,4,1-5*t+ 15*t^2-21*t^3+ 15*t^4-5*t^5+ t^6
11n_168,11,3,3,5,1-6*t+ 18*t^2-25*t^3+ 18*t^4-6*t^5+ t^6
11n_169,11,3,3,4,3-6*t+ 6*t^2-5*t^3+ 6*t^4-6*t^5+ 3*t^6
11n_170,11,2,3,5,3-16*t+ 25*t^2-16*t^3+ 3*t^4
11n_171,11,2,3,5,6-16*t+ 21*t^2-16*t^3+ 6*t^4
11n_172,11,3,3,4,1-5*t+ 11*t^2-15*t^3+ 11*t^4-5*t^5+ t^6
11n_173,11,4,3,4,1-4*t+ 8*t^2-7*t^3+ 5*t^4-7*t^5+ 8*t^6-4*t^7+ t^8
11n_174,11,3,3,4,2-11*t+ 22*t^2-27*t^3+ 22*t^4-11*t^5+ 2*t^6
11n_175,11,3,3,5,2-9*t+ 14*t^2-15*t^3+ 14*t^4-9*t^5+ 2*t^6
11n_176,11,3,3,4,1-6*t+ 15*t^2-19*t^3+ 15*t^4-6*t^5+ t^6
11n_177,11,4,3,4,1-5*t+ 11*t^2-16*t^3+ 17*t^4-16*t^5+ 11*t^6-5*t^7+ t^8
11n_178,11,3,3,4,2-9*t+ 22*t^2-29*t^3+ 22*t^4-9*t^5+ 2*t^6
11n_179,11,3,3,4,1-7*t+ 18*t^2-25*t^3+ 18*t^4-7*t^5+ t^6
11n_180,11,3,3,4,3-7*t+ 11*t^2-13*t^3+ 11*t^4-7*t^5+ 3*t^6
11n_181,11,2,3,5,5-11*t+ 13*t^2-11*t^3+ 5*t^4
11n_182,11,4,3,4,1-5*t+ 11*t^2-18*t^3+ 23*t^4-18*t^5+ 11*t^6-5*t^7+ t^8
11n_183,11,3,3,4,1+ t-6*t^2+ 9*t^3-6*t^4+ t^5+ t^6
11n_184,11,3,3,4,2-9*t+ 20*t^2-25*t^3+ 20*t^4-9*t^5+ 2*t^6
11n_185,11,3,3,4,2-11*t+ 24*t^2-31*t^3+ 24*t^4-11*t^5+ 2*t^6
12a_1,12,4,3,5,1-7*t+ 23*t^2-46*t^3+ 59*t^4-46*t^5+ 23*t^6-7*t^7+ t^8
12a_2,12,4,3,5,1-7*t+ 21*t^2-36*t^3+ 41*t^4-36*t^5+ 21*t^6-7*t^7+ t^8
12a_3,12,3,3,6,2-14*t+ 40*t^2-57*t^3+ 40*t^4-14*t^5+ 2*t^6
12a_4,12,4,3,5,1-7*t+ 23*t^2-48*t^3+ 63*t^4-48*t^5+ 23*t^6-7*t^7+ t^8
12a_5,12,3,3,6,3-19*t+ 47*t^2-61*t^3+ 47*t^4-19*t^5+ 3*t^6
12a_6,12,4,3,5,1-7*t+ 23*t^2-44*t^3+ 53*t^4-44*t^5+ 23*t^6-7*t^7+ t^8
12a_7,12,4,3,5,1-8*t+ 28*t^2-55*t^3+ 67*t^4-55*t^5+ 28*t^6-8*t^7+ t^8
12a_8,12,4,3,5,1-7*t+ 21*t^2-38*t^3+ 47*t^4-38*t^5+ 21*t^6-7*t^7+ t^8
12a_9,12,3,3,6,2-12*t+ 28*t^2-35*t^3+ 28*t^4-12*t^5+ 2*t^6
12a_10,12,3,3,6,3-19*t+ 49*t^2-65*t^3+ 49*t^4-19*t^5+ 3*t^6
12a_11,12,4,3,5,1-7*t+ 21*t^2-34*t^3+ 39*t^4-34*t^5+ 21*t^6-7*t^7+ t^8
12a_12,12,3,3,6,2-14*t+ 40*t^2-55*t^3+ 40*t^4-14*t^5+ 2*t^6
12a_13,12,4,3,5,1-8*t+ 28*t^2-55*t^3+ 69*t^4-55*t^5+ 28*t^6-8*t^7+ t^8
12a_14,12,4,3,5,1-8*t+ 28*t^2-55*t^3+ 67*t^4-55*t^5+ 28*t^6-8*t^7+ t^8
12a_15,12,4,3,5,1-8*t+ 28*t^2-55*t^3+ 69*t^4-55*t^5+ 28*t^6-8*t^7+ t^8
12a_16,12,4,3,5,1-7*t+ 22*t^2-43*t^3+ 55*t^4-43*t^5+ 22*t^6-7*t^7+ t^8
12a_17,12,4,3,5,1-7*t+ 24*t^2-49*t^3+ 61*t^4-49*t^5+ 24*t^6-7*t^7+ t^8
12a_18,12,4,3,5,1-7*t+ 20*t^2-31*t^3+ 33*t^4-31*t^5+ 20*t^6-7*t^7+ t^8
12a_19,12,4,3,5,1-7*t+ 22*t^2-41*t^3+ 49*t^4-41*t^5+ 22*t^6-7*t^7+ t^8
12a_20,12,4,3,5,1-7*t+ 22*t^2-41*t^3+ 51*t^4-41*t^5+ 22*t^6-7*t^7+ t^8
12a_21,12,3,3,5,4-21*t+ 45*t^2-57*t^3+ 45*t^4-21*t^5+ 4*t^6
12a_22,12,3,3,6,2-13*t+ 35*t^2-49*t^3+ 35*t^4-13*t^5+ 2*t^6
12a_23,12,3,3,6,2-15*t+ 45*t^2-65*t^3+ 45*t^4-15*t^5+ 2*t^6
12a_24,12,4,3,5,1-7*t+ 20*t^2-33*t^3+ 39*t^4-33*t^5+ 20*t^6-7*t^7+ t^8
12a_25,12,3,3,6,2-15*t+ 44*t^2-63*t^3+ 44*t^4-15*t^5+ 2*t^6
12a_26,12,4,3,5,1-7*t+ 20*t^2-29*t^3+ 31*t^4-29*t^5+ 20*t^6-7*t^7+ t^8
12a_27,12,3,3,6,2-15*t+ 45*t^2-63*t^3+ 45*t^4-15*t^5+ 2*t^6
12a_28,12,3,3,6,2-15*t+ 42*t^2-57*t^3+ 42*t^4-15*t^5+ 2*t^6
12a_29,12,4,4,5,1-7*t+ 24*t^2-48*t^3+ 59*t^4-48*t^5+ 24*t^6-7*t^7+ t^8
12a_30,12,4,4,5,1-7*t+ 22*t^2-40*t^3+ 49*t^4-40*t^5+ 22*t^6-7*t^7+ t^8
12a_31,12,3,3,6,2-13*t+ 33*t^2-43*t^3+ 33*t^4-13*t^5+ 2*t^6
12a_32,12,3,3,6,2-13*t+ 34*t^2-45*t^3+ 34*t^4-13*t^5+ 2*t^6
12a_33,12,4,4,5,1-7*t+ 22*t^2-40*t^3+ 49*t^4-40*t^5+ 22*t^6-7*t^7+ t^8
12a_34,12,4,3,4,2-9*t+ 16*t^2-20*t^3+ 21*t^4-20*t^5+ 16*t^6-9*t^7+ 2*t^8
12a_35,12,3,3,5,4-20*t+ 40*t^2-49*t^3+ 40*t^4-20*t^5+ 4*t^6
12a_36,12,4,4,5,2-10*t+ 21*t^2-30*t^3+ 33*t^4-30*t^5+ 21*t^6-10*t^7+ 2*t^8
12a_37,12,3,3,5,3-15*t+ 30*t^2-37*t^3+ 30*t^4-15*t^5+ 3*t^6
12a_38,12,2,2,6,4-18*t+ 27*t^2-18*t^3+ 4*t^4
12a_39,12,4,3,5,1-7*t+ 21*t^2-40*t^3+ 49*t^4-40*t^5+ 21*t^6-7*t^7+ t^8
12a_40,12,4,3,5,1-7*t+ 23*t^2-46*t^3+ 57*t^4-46*t^5+ 23*t^6-7*t^7+ t^8
12a_41,12,4,3,4,2-9*t+ 23*t^2-37*t^3+ 43*t^4-37*t^5+ 23*t^6-9*t^7+ 2*t^8
12a_42,12,3,3,5,3-13*t+ 30*t^2-39*t^3+ 30*t^4-13*t^5+ 3*t^6
12a_43,12,3,3,5,6-23*t+ 45*t^2-55*t^3+ 45*t^4-23*t^5+ 6*t^6
12a_44,12,3,3,6,4-22*t+ 50*t^2-65*t^3+ 50*t^4-22*t^5+ 4*t^6
12a_45,12,4,3,5,1-8*t+ 22*t^2-37*t^3+ 43*t^4-37*t^5+ 22*t^6-8*t^7+ t^8
12a_46,12,3,3,6,2-15*t+ 38*t^2-51*t^3+ 38*t^4-15*t^5+ 2*t^6
12a_47,12,3,3,6,3-19*t+ 45*t^2-59*t^3+ 45*t^4-19*t^5+ 3*t^6
12a_48,12,4,3,5,1-8*t+ 28*t^2-57*t^3+ 73*t^4-57*t^5+ 28*t^6-8*t^7+ t^8
12a_49,12,3,3,5,5-23*t+ 53*t^2-69*t^3+ 53*t^4-23*t^5+ 5*t^6
12a_50,12,4,3,5,1-8*t+ 20*t^2-30*t^3+ 33*t^4-30*t^5+ 20*t^6-8*t^7+ t^8
12a_51,12,3,3,6,2-17*t+ 45*t^2-61*t^3+ 45*t^4-17*t^5+ 2*t^6
12a_52,12,4,3,4,3-9*t+ 15*t^2-18*t^3+ 19*t^4-18*t^5+ 15*t^6-9*t^7+ 3*t^8
12a_53,12,3,3,5,6-21*t+ 38*t^2-45*t^3+ 38*t^4-21*t^5+ 6*t^6
12a_54,12,3,3,6,3-17*t+ 39*t^2-51*t^3+ 39*t^4-17*t^5+ 3*t^6
12a_55,12,3,3,5,5-18*t+ 34*t^2-41*t^3+ 34*t^4-18*t^5+ 5*t^6
12a_56,12,2,3,6,7-22*t+ 31*t^2-22*t^3+ 7*t^4
12a_57,12,3,3,6,3-17*t+ 41*t^2-55*t^3+ 41*t^4-17*t^5+ 3*t^6
12a_58,12,4,3,5,1-7*t+ 23*t^2-44*t^3+ 55*t^4-44*t^5+ 23*t^6-7*t^7+ t^8
12a_59,12,4,3,5,1-8*t+ 28*t^2-57*t^3+ 71*t^4-57*t^5+ 28*t^6-8*t^7+ t^8
12a_60,12,4,3,5,1-8*t+ 28*t^2-57*t^3+ 73*t^4-57*t^5+ 28*t^6-8*t^7+ t^8
12a_61,12,4,3,5,1-7*t+ 21*t^2-38*t^3+ 45*t^4-38*t^5+ 21*t^6-7*t^7+ t^8
12a_62,12,3,3,6,2-12*t+ 30*t^2-41*t^3+ 30*t^4-12*t^5+ 2*t^6
12a_63,12,4,3,5,1-8*t+ 28*t^2-57*t^3+ 71*t^4-57*t^5+ 28*t^6-8*t^7+ t^8
12a_64,12,3,3,6,4-22*t+ 50*t^2-65*t^3+ 50*t^4-22*t^5+ 4*t^6
12a_65,12,4,3,5,1-8*t+ 22*t^2-37*t^3+ 43*t^4-37*t^5+ 22*t^6-8*t^7+ t^8
12a_66,12,4,3,5,1-7*t+ 25*t^2-52*t^3+ 67*t^4-52*t^5+ 25*t^6-7*t^7+ t^8
12a_67,12,4,3,5,1-8*t+ 26*t^2-47*t^3+ 55*t^4-47*t^5+ 26*t^6-8*t^7+ t^8
12a_68,12,3,3,6,2-15*t+ 44*t^2-63*t^3+ 44*t^4-15*t^5+ 2*t^6
12a_69,12,4,3,5,1-8*t+ 27*t^2-52*t^3+ 63*t^4-52*t^5+ 27*t^6-8*t^7+ t^8
12a_70,12,4,3,5,1-8*t+ 27*t^2-50*t^3+ 61*t^4-50*t^5+ 27*t^6-8*t^7+ t^8
12a_71,12,4,3,5,1-8*t+ 25*t^2-44*t^3+ 51*t^4-44*t^5+ 25*t^6-8*t^7+ t^8
12a_72,12,3,3,6,2-16*t+ 47*t^2-67*t^3+ 47*t^4-16*t^5+ 2*t^6
12a_73,12,3,3,6,2-17*t+ 51*t^2-71*t^3+ 51*t^4-17*t^5+ 2*t^6
12a_74,12,4,3,5,1-7*t+ 26*t^2-57*t^3+ 73*t^4-57*t^5+ 26*t^6-7*t^7+ t^8
12a_75,12,3,3,5,5-24*t+ 46*t^2-55*t^3+ 46*t^4-24*t^5+ 5*t^6
12a_76,12,2,3,6,8-36*t+ 55*t^2-36*t^3+ 8*t^4
12a_77,12,4,3,5,1-7*t+ 24*t^2-49*t^3+ 63*t^4-49*t^5+ 24*t^6-7*t^7+ t^8
12a_78,12,4,3,4,2-8*t+ 19*t^2-29*t^3+ 33*t^4-29*t^5+ 19*t^6-8*t^7+ 2*t^8
12a_79,12,4,3,5,1-7*t+ 22*t^2-43*t^3+ 55*t^4-43*t^5+ 22*t^6-7*t^7+ t^8
12a_80,12,4,3,5,1-7*t+ 21*t^2-36*t^3+ 43*t^4-36*t^5+ 21*t^6-7*t^7+ t^8
12a_81,12,3,3,6,2-14*t+ 38*t^2-51*t^3+ 38*t^4-14*t^5+ 2*t^6
12a_82,12,3,3,5,6-22*t+ 42*t^2-51*t^3+ 42*t^4-22*t^5+ 6*t^6
12a_83,12,3,3,6,3-20*t+ 48*t^2-63*t^3+ 48*t^4-20*t^5+ 3*t^6
12a_84,12,4,3,5,1-7*t+ 22*t^2-43*t^3+ 53*t^4-43*t^5+ 22*t^6-7*t^7+ t^8
12a_85,12,4,3,4,2-8*t+ 19*t^2-28*t^3+ 31*t^4-28*t^5+ 19*t^6-8*t^7+ 2*t^8
12a_86,12,3,3,5,4-17*t+ 39*t^2-51*t^3+ 39*t^4-17*t^5+ 4*t^6
12a_87,12,4,3,5,1-7*t+ 20*t^2-37*t^3+ 45*t^4-37*t^5+ 20*t^6-7*t^7+ t^8
12a_88,12,4,3,5,1-8*t+ 30*t^2-65*t^3+ 83*t^4-65*t^5+ 30*t^6-8*t^7+ t^8
12a_89,12,3,3,5,4-17*t+ 38*t^2-49*t^3+ 38*t^4-17*t^5+ 4*t^6
12a_90,12,4,3,5,1-7*t+ 24*t^2-49*t^3+ 61*t^4-49*t^5+ 24*t^6-7*t^7+ t^8
12a_91,12,4,3,5,1-8*t+ 26*t^2-47*t^3+ 57*t^4-47*t^5+ 26*t^6-8*t^7+ t^8
12a_92,12,4,3,5,1-8*t+ 23*t^2-40*t^3+ 47*t^4-40*t^5+ 23*t^6-8*t^7+ t^8
12a_93,12,4,3,4,3-9*t+ 16*t^2-21*t^3+ 23*t^4-21*t^5+ 16*t^6-9*t^7+ 3*t^8
12a_94,12,3,3,5,6-20*t+ 35*t^2-41*t^3+ 35*t^4-20*t^5+ 6*t^6
12a_95,12,3,3,6,3-18*t+ 46*t^2-61*t^3+ 46*t^4-18*t^5+ 3*t^6
12a_96,12,3,3,5,5-15*t+ 24*t^2-27*t^3+ 24*t^4-15*t^5+ 5*t^6
12a_97,12,2,3,6,10-32*t+ 45*t^2-32*t^3+ 10*t^4
12a_98,12,4,3,5,1-7*t+ 22*t^2-41*t^3+ 49*t^4-41*t^5+ 22*t^6-7*t^7+ t^8
12a_99,12,4,3,5,1-7*t+ 24*t^2-47*t^3+ 59*t^4-47*t^5+ 24*t^6-7*t^7+ t^8
12a_100,12,3,3,6,3-21*t+ 53*t^2-71*t^3+ 53*t^4-21*t^5+ 3*t^6
12a_101,12,4,3,5,1-7*t+ 25*t^2-50*t^3+ 63*t^4-50*t^5+ 25*t^6-7*t^7+ t^8
12a_102,12,3,3,5,7-27*t+ 53*t^2-65*t^3+ 53*t^4-27*t^5+ 7*t^6
12a_103,12,3,3,6,3-20*t+ 52*t^2-69*t^3+ 52*t^4-20*t^5+ 3*t^6
12a_104,12,3,3,5,4-17*t+ 37*t^2-47*t^3+ 37*t^4-17*t^5+ 4*t^6
12a_105,12,4,3,5,1-7*t+ 17*t^2-26*t^3+ 29*t^4-26*t^5+ 17*t^6-7*t^7+ t^8
12a_106,12,3,3,6,2-14*t+ 34*t^2-45*t^3+ 34*t^4-14*t^5+ 2*t^6
12a_107,12,3,3,5,7-27*t+ 53*t^2-65*t^3+ 53*t^4-27*t^5+ 7*t^6
12a_108,12,4,3,5,1-8*t+ 26*t^2-51*t^3+ 63*t^4-51*t^5+ 26*t^6-8*t^7+ t^8
12a_109,12,3,3,6,2-14*t+ 35*t^2-47*t^3+ 35*t^4-14*t^5+ 2*t^6
12a_110,12,3,3,6,3-18*t+ 42*t^2-55*t^3+ 42*t^4-18*t^5+ 3*t^6
12a_111,12,4,3,5,1-8*t+ 26*t^2-47*t^3+ 57*t^4-47*t^5+ 26*t^6-8*t^7+ t^8
12a_112,12,4,3,5,1-7*t+ 20*t^2-35*t^3+ 41*t^4-35*t^5+ 20*t^6-7*t^7+ t^8
12a_113,12,4,4,5,1-7*t+ 24*t^2-48*t^3+ 59*t^4-48*t^5+ 24*t^6-7*t^7+ t^8
12a_114,12,3,4,6,4-21*t+ 46*t^2-59*t^3+ 46*t^4-21*t^5+ 4*t^6
12a_115,12,4,3,5,1-7*t+ 25*t^2-50*t^3+ 63*t^4-50*t^5+ 25*t^6-7*t^7+ t^8
12a_116,12,4,4,5,1-7*t+ 20*t^2-36*t^3+ 43*t^4-36*t^5+ 20*t^6-7*t^7+ t^8
12a_117,12,3,4,6,4-21*t+ 46*t^2-59*t^3+ 46*t^4-21*t^5+ 4*t^6
12a_118,12,3,3,6,2-13*t+ 32*t^2-43*t^3+ 32*t^4-13*t^5+ 2*t^6
12a_119,12,4,4,5,1-7*t+ 22*t^2-40*t^3+ 49*t^4-40*t^5+ 22*t^6-7*t^7+ t^8
12a_120,12,4,3,5,1-8*t+ 26*t^2-51*t^3+ 63*t^4-51*t^5+ 26*t^6-8*t^7+ t^8
12a_121,12,3,3,6,2-13*t+ 33*t^2-45*t^3+ 33*t^4-13*t^5+ 2*t^6
12a_122,12,4,4,5,1-7*t+ 20*t^2-36*t^3+ 43*t^4-36*t^5+ 20*t^6-7*t^7+ t^8
12a_123,12,4,3,5,1-7*t+ 19*t^2-30*t^3+ 35*t^4-30*t^5+ 19*t^6-7*t^7+ t^8
12a_124,12,3,3,6,2-14*t+ 36*t^2-47*t^3+ 36*t^4-14*t^5+ 2*t^6
12a_125,12,3,3,7,1-12*t+ 44*t^2-67*t^3+ 44*t^4-12*t^5+ t^6
12a_126,12,4,3,5,1-8*t+ 26*t^2-49*t^3+ 61*t^4-49*t^5+ 26*t^6-8*t^7+ t^8
12a_127,12,3,3,6,3-17*t+ 37*t^2-45*t^3+ 37*t^4-17*t^5+ 3*t^6
12a_128,12,2,3,7,5-25*t+ 41*t^2-25*t^3+ 5*t^4
12a_129,12,4,3,5,1-7*t+ 19*t^2-32*t^3+ 37*t^4-32*t^5+ 19*t^6-7*t^7+ t^8
12a_130,12,3,3,6,2-14*t+ 36*t^2-49*t^3+ 36*t^4-14*t^5+ 2*t^6
12a_131,12,4,3,5,1-8*t+ 26*t^2-49*t^3+ 59*t^4-49*t^5+ 26*t^6-8*t^7+ t^8
12a_132,12,4,3,5,1-8*t+ 26*t^2-49*t^3+ 61*t^4-49*t^5+ 26*t^6-8*t^7+ t^8
12a_133,12,4,3,5,1-8*t+ 26*t^2-49*t^3+ 59*t^4-49*t^5+ 26*t^6-8*t^7+ t^8
12a_134,12,4,3,5,1-8*t+ 26*t^2-47*t^3+ 57*t^4-47*t^5+ 26*t^6-8*t^7+ t^8
12a_135,12,3,3,6,2-15*t+ 42*t^2-57*t^3+ 42*t^4-15*t^5+ 2*t^6
12a_136,12,4,3,5,1-8*t+ 26*t^2-47*t^3+ 55*t^4-47*t^5+ 26*t^6-8*t^7+ t^8
12a_137,12,4,3,5,1-8*t+ 26*t^2-46*t^3+ 53*t^4-46*t^5+ 26*t^6-8*t^7+ t^8
12a_138,12,4,3,5,1-8*t+ 26*t^2-48*t^3+ 57*t^4-48*t^5+ 26*t^6-8*t^7+ t^8
12a_139,12,4,3,5,1-8*t+ 28*t^2-56*t^3+ 71*t^4-56*t^5+ 28*t^6-8*t^7+ t^8
12a_140,12,3,3,6,2-15*t+ 43*t^2-61*t^3+ 43*t^4-15*t^5+ 2*t^6
12a_141,12,4,3,5,1-7*t+ 20*t^2-33*t^3+ 39*t^4-33*t^5+ 20*t^6-7*t^7+ t^8
12a_142,12,4,3,5,1-7*t+ 22*t^2-39*t^3+ 47*t^4-39*t^5+ 22*t^6-7*t^7+ t^8
12a_143,12,4,3,4,3-8*t+ 12*t^2-13*t^3+ 13*t^4-13*t^5+ 12*t^6-8*t^7+ 3*t^8
12a_144,12,3,3,5,6-19*t+ 32*t^2-37*t^3+ 32*t^4-19*t^5+ 6*t^6
12a_145,12,3,3,5,6-21*t+ 39*t^2-47*t^3+ 39*t^4-21*t^5+ 6*t^6
12a_146,12,5,3,3,1-3*t+ 6*t^2-7*t^3+ 7*t^4-7*t^5+ 7*t^6-7*t^7+ 6*t^8-3*t^9+ t^10
12a_147,12,4,3,4,2-7*t+ 15*t^2-20*t^3+ 21*t^4-20*t^5+ 15*t^6-7*t^7+ 2*t^8
12a_148,12,4,3,4,2-8*t+ 20*t^2-32*t^3+ 37*t^4-32*t^5+ 20*t^6-8*t^7+ 2*t^8
12a_149,12,4,3,5,1-7*t+ 22*t^2-43*t^3+ 53*t^4-43*t^5+ 22*t^6-7*t^7+ t^8
12a_150,12,3,3,5,4-16*t+ 36*t^2-47*t^3+ 36*t^4-16*t^5+ 4*t^6
12a_151,12,3,3,6,2-13*t+ 35*t^2-47*t^3+ 35*t^4-13*t^5+ 2*t^6
12a_152,12,2,3,6,9-28*t+ 39*t^2-28*t^3+ 9*t^4
12a_153,12,3,3,5,3-11*t+ 24*t^2-31*t^3+ 24*t^4-11*t^5+ 3*t^6
12a_154,12,3,3,6,4-24*t+ 56*t^2-73*t^3+ 56*t^4-24*t^5+ 4*t^6
12a_155,12,3,3,6,2-15*t+ 41*t^2-55*t^3+ 41*t^4-15*t^5+ 2*t^6
12a_156,12,2,3,6,11-35*t+ 49*t^2-35*t^3+ 11*t^4
12a_157,12,4,4,5,1-7*t+ 22*t^2-40*t^3+ 49*t^4-40*t^5+ 22*t^6-7*t^7+ t^8
12a_158,12,4,3,5,1-7*t+ 16*t^2-23*t^3+ 25*t^4-23*t^5+ 16*t^6-7*t^7+ t^8
12a_159,12,3,3,6,2-15*t+ 37*t^2-49*t^3+ 37*t^4-15*t^5+ 2*t^6
12a_160,12,4,3,4,2-7*t+ 14*t^2-18*t^3+ 19*t^4-18*t^5+ 14*t^6-7*t^7+ 2*t^8
12a_161,12,3,3,5,4-16*t+ 34*t^2-43*t^3+ 34*t^4-16*t^5+ 4*t^6
12a_162,12,3,3,6,4-24*t+ 56*t^2-73*t^3+ 56*t^4-24*t^5+ 4*t^6
12a_163,12,3,3,6,4-22*t+ 54*t^2-71*t^3+ 54*t^4-22*t^5+ 4*t^6
12a_164,12,4,4,5,1-7*t+ 20*t^2-36*t^3+ 43*t^4-36*t^5+ 20*t^6-7*t^7+ t^8
12a_165,12,3,3,6,2-11*t+ 24*t^2-31*t^3+ 24*t^4-11*t^5+ 2*t^6
12a_166,12,4,4,5,1-7*t+ 20*t^2-36*t^3+ 43*t^4-36*t^5+ 20*t^6-7*t^7+ t^8
12a_167,12,4,4,4,2-8*t+ 19*t^2-30*t^3+ 35*t^4-30*t^5+ 19*t^6-8*t^7+ 2*t^8
12a_168,12,3,3,5,3-11*t+ 22*t^2-27*t^3+ 22*t^4-11*t^5+ 3*t^6
12a_169,12,2,2,6,4-12*t+ 17*t^2-12*t^3+ 4*t^4
12a_170,12,3,3,6,3-18*t+ 42*t^2-53*t^3+ 42*t^4-18*t^5+ 3*t^6
12a_171,12,3,3,6,3-18*t+ 46*t^2-63*t^3+ 46*t^4-18*t^5+ 3*t^6
12a_172,12,4,3,5,1-7*t+ 18*t^2-25*t^3+ 27*t^4-25*t^5+ 18*t^6-7*t^7+ t^8
12a_173,12,4,3,5,1-7*t+ 20*t^2-35*t^3+ 43*t^4-35*t^5+ 20*t^6-7*t^7+ t^8
12a_174,12,4,3,5,1-7*t+ 20*t^2-35*t^3+ 41*t^4-35*t^5+ 20*t^6-7*t^7+ t^8
12a_175,12,3,3,6,2-16*t+ 44*t^2-59*t^3+ 44*t^4-16*t^5+ 2*t^6
12a_176,12,3,3,6,2-13*t+ 31*t^2-39*t^3+ 31*t^4-13*t^5+ 2*t^6
12a_177,12,3,3,6,2-15*t+ 41*t^2-55*t^3+ 41*t^4-15*t^5+ 2*t^6
12a_178,12,3,3,6,3-16*t+ 32*t^2-37*t^3+ 32*t^4-16*t^5+ 3*t^6
12a_179,12,4,3,5,1-7*t+ 18*t^2-27*t^3+ 29*t^4-27*t^5+ 18*t^6-7*t^7+ t^8
12a_180,12,3,3,6,2-15*t+ 41*t^2-57*t^3+ 41*t^4-15*t^5+ 2*t^6
12a_181,12,3,3,7,1-11*t+ 40*t^2-61*t^3+ 40*t^4-11*t^5+ t^6
12a_182,12,4,4,5,1-7*t+ 20*t^2-36*t^3+ 43*t^4-36*t^5+ 20*t^6-7*t^7+ t^8
12a_183,12,2,3,7,6-30*t+ 49*t^2-30*t^3+ 6*t^4
12a_184,12,4,3,5,1-8*t+ 27*t^2-52*t^3+ 65*t^4-52*t^5+ 27*t^6-8*t^7+ t^8
12a_185,12,4,3,5,1-8*t+ 27*t^2-54*t^3+ 67*t^4-54*t^5+ 27*t^6-8*t^7+ t^8
12a_186,12,4,3,5,1-8*t+ 25*t^2-40*t^3+ 45*t^4-40*t^5+ 25*t^6-8*t^7+ t^8
12a_187,12,3,3,6,2-16*t+ 49*t^2-69*t^3+ 49*t^4-16*t^5+ 2*t^6
12a_188,12,4,3,5,1-8*t+ 26*t^2-47*t^3+ 57*t^4-47*t^5+ 26*t^6-8*t^7+ t^8
12a_189,12,4,3,5,1-8*t+ 26*t^2-48*t^3+ 59*t^4-48*t^5+ 26*t^6-8*t^7+ t^8
12a_190,12,4,3,5,1-8*t+ 26*t^2-46*t^3+ 55*t^4-46*t^5+ 26*t^6-8*t^7+ t^8
12a_191,12,4,3,5,1-8*t+ 28*t^2-58*t^3+ 73*t^4-58*t^5+ 28*t^6-8*t^7+ t^8
12a_192,12,3,3,6,2-15*t+ 43*t^2-59*t^3+ 43*t^4-15*t^5+ 2*t^6
12a_193,12,4,3,5,1-7*t+ 16*t^2-19*t^3+ 19*t^4-19*t^5+ 16*t^6-7*t^7+ t^8
12a_194,12,3,3,6,2-15*t+ 39*t^2-51*t^3+ 39*t^4-15*t^5+ 2*t^6
12a_195,12,4,4,5,1-7*t+ 18*t^2-28*t^3+ 33*t^4-28*t^5+ 18*t^6-7*t^7+ t^8
12a_196,12,3,3,6,2-13*t+ 30*t^2-37*t^3+ 30*t^4-13*t^5+ 2*t^6
12a_197,12,2,2,7,3-17*t+ 29*t^2-17*t^3+ 3*t^4
12a_198,12,3,3,6,2-16*t+ 50*t^2-73*t^3+ 50*t^4-16*t^5+ 2*t^6
12a_199,12,3,3,5,5-26*t+ 56*t^2-71*t^3+ 56*t^4-26*t^5+ 5*t^6
12a_200,12,4,3,5,1-7*t+ 24*t^2-47*t^3+ 57*t^4-47*t^5+ 24*t^6-7*t^7+ t^8
12a_201,12,3,3,6,2-13*t+ 37*t^2-53*t^3+ 37*t^4-13*t^5+ 2*t^6
12a_202,12,4,3,5,1-8*t+ 28*t^2-58*t^3+ 75*t^4-58*t^5+ 28*t^6-8*t^7+ t^8
12a_203,12,4,3,5,1-7*t+ 22*t^2-39*t^3+ 45*t^4-39*t^5+ 22*t^6-7*t^7+ t^8
12a_204,12,3,2,6,2-14*t+ 41*t^2-59*t^3+ 41*t^4-14*t^5+ 2*t^6
12a_205,12,4,3,4,2-9*t+ 18*t^2-26*t^3+ 29*t^4-26*t^5+ 18*t^6-9*t^7+ 2*t^8
12a_206,12,3,2,5,3-13*t+ 23*t^2-27*t^3+ 23*t^4-13*t^5+ 3*t^6
12a_207,12,4,3,5,1-7*t+ 20*t^2-33*t^3+ 37*t^4-33*t^5+ 20*t^6-7*t^7+ t^8
12a_208,12,3,3,6,2-14*t+ 39*t^2-55*t^3+ 39*t^4-14*t^5+ 2*t^6
12a_209,12,4,3,5,1-8*t+ 29*t^2-60*t^3+ 77*t^4-60*t^5+ 29*t^6-8*t^7+ t^8
12a_210,12,3,3,5,4-20*t+ 43*t^2-55*t^3+ 43*t^4-20*t^5+ 4*t^6
12a_211,12,4,3,4,2-8*t+ 20*t^2-34*t^3+ 41*t^4-34*t^5+ 20*t^6-8*t^7+ 2*t^8
12a_212,12,3,3,5,4-16*t+ 33*t^2-41*t^3+ 33*t^4-16*t^5+ 4*t^6
12a_213,12,4,3,5,1-8*t+ 28*t^2-54*t^3+ 65*t^4-54*t^5+ 28*t^6-8*t^7+ t^8
12a_214,12,4,3,5,1-8*t+ 28*t^2-56*t^3+ 71*t^4-56*t^5+ 28*t^6-8*t^7+ t^8
12a_215,12,4,3,5,1-7*t+ 22*t^2-42*t^3+ 51*t^4-42*t^5+ 22*t^6-7*t^7+ t^8
12a_216,12,4,3,5,1-7*t+ 18*t^2-24*t^3+ 25*t^4-24*t^5+ 18*t^6-7*t^7+ t^8
12a_217,12,4,3,5,1-7*t+ 22*t^2-42*t^3+ 53*t^4-42*t^5+ 22*t^6-7*t^7+ t^8
12a_218,12,3,3,6,2-15*t+ 42*t^2-57*t^3+ 42*t^4-15*t^5+ 2*t^6
12a_219,12,4,3,5,1-7*t+ 22*t^2-38*t^3+ 45*t^4-38*t^5+ 22*t^6-7*t^7+ t^8
12a_220,12,4,3,5,1-7*t+ 22*t^2-40*t^3+ 47*t^4-40*t^5+ 22*t^6-7*t^7+ t^8
12a_221,12,3,2,6,2-14*t+ 40*t^2-57*t^3+ 40*t^4-14*t^5+ 2*t^6
12a_222,12,4,3,5,1-8*t+ 29*t^2-62*t^3+ 81*t^4-62*t^5+ 29*t^6-8*t^7+ t^8
12a_223,12,3,3,6,3-18*t+ 44*t^2-59*t^3+ 44*t^4-18*t^5+ 3*t^6
12a_224,12,4,3,5,1-8*t+ 27*t^2-50*t^3+ 59*t^4-50*t^5+ 27*t^6-8*t^7+ t^8
12a_225,12,4,3,5,1-7*t+ 24*t^2-50*t^3+ 63*t^4-50*t^5+ 24*t^6-7*t^7+ t^8
12a_226,12,3,2,5,4-20*t+ 41*t^2-51*t^3+ 41*t^4-20*t^5+ 4*t^6
12a_227,12,3,3,5,5-26*t+ 56*t^2-71*t^3+ 56*t^4-26*t^5+ 5*t^6
12a_228,12,4,3,5,1-7*t+ 24*t^2-49*t^3+ 61*t^4-49*t^5+ 24*t^6-7*t^7+ t^8
12a_229,12,3,3,6,2-16*t+ 48*t^2-69*t^3+ 48*t^4-16*t^5+ 2*t^6
12a_230,12,3,3,6,3-20*t+ 56*t^2-77*t^3+ 56*t^4-20*t^5+ 3*t^6
12a_231,12,3,3,5,5-24*t+ 48*t^2-59*t^3+ 48*t^4-24*t^5+ 5*t^6
12a_232,12,3,3,5,4-20*t+ 42*t^2-53*t^3+ 42*t^4-20*t^5+ 4*t^6
12a_233,12,4,3,5,1-8*t+ 27*t^2-54*t^3+ 69*t^4-54*t^5+ 27*t^6-8*t^7+ t^8
12a_234,12,4,3,4,2-8*t+ 18*t^2-27*t^3+ 31*t^4-27*t^5+ 18*t^6-8*t^7+ 2*t^8
12a_235,12,3,3,5,4-18*t+ 40*t^2-51*t^3+ 40*t^4-18*t^5+ 4*t^6
12a_236,12,4,3,4,2-8*t+ 14*t^2-17*t^3+ 17*t^4-17*t^5+ 14*t^6-8*t^7+ 2*t^8
12a_237,12,3,3,5,4-18*t+ 36*t^2-45*t^3+ 36*t^4-18*t^5+ 4*t^6
12a_238,12,3,3,5,4-17*t+ 33*t^2-41*t^3+ 33*t^4-17*t^5+ 4*t^6
12a_239,12,2,2,6,6-22*t+ 31*t^2-22*t^3+ 6*t^4
12a_240,12,4,3,4,2-9*t+ 22*t^2-34*t^3+ 39*t^4-34*t^5+ 22*t^6-9*t^7+ 2*t^8
12a_241,12,3,2,5,3-13*t+ 29*t^2-37*t^3+ 29*t^4-13*t^5+ 3*t^6
12a_242,12,4,3,5,1-7*t+ 22*t^2-41*t^3+ 49*t^4-41*t^5+ 22*t^6-7*t^7+ t^8
12a_243,12,3,2,6,2-12*t+ 31*t^2-43*t^3+ 31*t^4-12*t^5+ 2*t^6
12a_244,12,3,3,5,5-24*t+ 56*t^2-73*t^3+ 56*t^4-24*t^5+ 5*t^6
12a_245,12,4,3,5,1-7*t+ 24*t^2-49*t^3+ 63*t^4-49*t^5+ 24*t^6-7*t^7+ t^8
12a_246,12,4,3,5,1-7*t+ 20*t^2-31*t^3+ 35*t^4-31*t^5+ 20*t^6-7*t^7+ t^8
12a_247,12,3,2,6,2-14*t+ 39*t^2-53*t^3+ 39*t^4-14*t^5+ 2*t^6
12a_248,12,3,3,6,2-13*t+ 34*t^2-47*t^3+ 34*t^4-13*t^5+ 2*t^6
12a_249,12,3,3,6,2-13*t+ 36*t^2-49*t^3+ 36*t^4-13*t^5+ 2*t^6
12a_250,12,4,3,5,1-7*t+ 20*t^2-32*t^3+ 37*t^4-32*t^5+ 20*t^6-7*t^7+ t^8
12a_251,12,3,2,6,2-14*t+ 38*t^2-51*t^3+ 38*t^4-14*t^5+ 2*t^6
12a_252,12,4,3,4,2-9*t+ 17*t^2-24*t^3+ 27*t^4-24*t^5+ 17*t^6-9*t^7+ 2*t^8
12a_253,12,3,3,5,4-19*t+ 36*t^2-43*t^3+ 36*t^4-19*t^5+ 4*t^6
12a_254,12,3,2,5,3-13*t+ 21*t^2-23*t^3+ 21*t^4-13*t^5+ 3*t^6
12a_255,12,2,2,6,6-27*t+ 41*t^2-27*t^3+ 6*t^4
12a_256,12,3,3,6,3-20*t+ 52*t^2-69*t^3+ 52*t^4-20*t^5+ 3*t^6
12a_257,12,3,2,6,2-16*t+ 46*t^2-63*t^3+ 46*t^4-16*t^5+ 2*t^6
12a_258,12,4,3,5,1-7*t+ 20*t^2-35*t^3+ 43*t^4-35*t^5+ 20*t^6-7*t^7+ t^8
12a_259,12,3,2,6,2-12*t+ 27*t^2-33*t^3+ 27*t^4-12*t^5+ 2*t^6
12a_260,12,4,3,5,1-7*t+ 22*t^2-39*t^3+ 45*t^4-39*t^5+ 22*t^6-7*t^7+ t^8
12a_261,12,4,3,5,1-8*t+ 27*t^2-52*t^3+ 65*t^4-52*t^5+ 27*t^6-8*t^7+ t^8
12a_262,12,4,3,5,1-7*t+ 22*t^2-41*t^3+ 49*t^4-41*t^5+ 22*t^6-7*t^7+ t^8
12a_263,12,3,3,6,3-19*t+ 48*t^2-63*t^3+ 48*t^4-19*t^5+ 3*t^6
12a_264,12,4,3,5,1-9*t+ 33*t^2-65*t^3+ 79*t^4-65*t^5+ 33*t^6-9*t^7+ t^8
12a_265,12,4,3,5,1-8*t+ 30*t^2-66*t^3+ 87*t^4-66*t^5+ 30*t^6-8*t^7+ t^8
12a_266,12,4,3,4,2-11*t+ 28*t^2-44*t^3+ 51*t^4-44*t^5+ 28*t^6-11*t^7+ 2*t^8
12a_267,12,3,3,5,4-22*t+ 52*t^2-67*t^3+ 52*t^4-22*t^5+ 4*t^6
12a_268,12,4,3,5,1-8*t+ 30*t^2-61*t^3+ 77*t^4-61*t^5+ 30*t^6-8*t^7+ t^8
12a_269,12,3,3,5,4-18*t+ 34*t^2-41*t^3+ 34*t^4-18*t^5+ 4*t^6
12a_270,12,2,3,6,6-25*t+ 37*t^2-25*t^3+ 6*t^4
12a_271,12,4,3,5,1-7*t+ 22*t^2-39*t^3+ 47*t^4-39*t^5+ 22*t^6-7*t^7+ t^8
12a_272,12,3,3,6,2-14*t+ 39*t^2-53*t^3+ 39*t^4-14*t^5+ 2*t^6
12a_273,12,3,3,5,4-21*t+ 47*t^2-61*t^3+ 47*t^4-21*t^5+ 4*t^6
12a_274,12,4,3,4,2-8*t+ 18*t^2-26*t^3+ 29*t^4-26*t^5+ 18*t^6-8*t^7+ 2*t^8
12a_275,12,3,3,5,4-18*t+ 41*t^2-53*t^3+ 41*t^4-18*t^5+ 4*t^6
12a_276,12,4,3,4,3-10*t+ 20*t^2-29*t^3+ 33*t^4-29*t^5+ 20*t^6-10*t^7+ 3*t^8
12a_277,12,3,3,5,5-17*t+ 31*t^2-37*t^3+ 31*t^4-17*t^5+ 5*t^6
12a_278,12,4,3,5,1-7*t+ 18*t^2-28*t^3+ 31*t^4-28*t^5+ 18*t^6-7*t^7+ t^8
12a_279,12,3,3,6,2-15*t+ 40*t^2-55*t^3+ 40*t^4-15*t^5+ 2*t^6
12a_280,12,4,3,5,1-7*t+ 22*t^2-42*t^3+ 51*t^4-42*t^5+ 22*t^6-7*t^7+ t^8
12a_281,12,4,3,5,1-7*t+ 24*t^2-46*t^3+ 57*t^4-46*t^5+ 24*t^6-7*t^7+ t^8
12a_282,12,4,3,5,1-8*t+ 26*t^2-50*t^3+ 63*t^4-50*t^5+ 26*t^6-8*t^7+ t^8
12a_283,12,4,3,5,1-8*t+ 26*t^2-48*t^3+ 57*t^4-48*t^5+ 26*t^6-8*t^7+ t^8
12a_284,12,4,3,5,1-8*t+ 25*t^2-43*t^3+ 49*t^4-43*t^5+ 25*t^6-8*t^7+ t^8
12a_285,12,4,3,5,1-8*t+ 27*t^2-49*t^3+ 57*t^4-49*t^5+ 27*t^6-8*t^7+ t^8
12a_286,12,3,3,6,3-20*t+ 55*t^2-77*t^3+ 55*t^4-20*t^5+ 3*t^6
12a_287,12,4,3,5,1-8*t+ 27*t^2-53*t^3+ 65*t^4-53*t^5+ 27*t^6-8*t^7+ t^8
12a_288,12,4,3,5,1-8*t+ 28*t^2-56*t^3+ 69*t^4-56*t^5+ 28*t^6-8*t^7+ t^8
12a_289,12,3,3,5,5-23*t+ 43*t^2-51*t^3+ 43*t^4-23*t^5+ 5*t^6
12a_290,12,4,3,4,2-9*t+ 21*t^2-34*t^3+ 39*t^4-34*t^5+ 21*t^6-9*t^7+ 2*t^8
12a_291,12,3,3,5,4-17*t+ 34*t^2-43*t^3+ 34*t^4-17*t^5+ 4*t^6
12a_292,12,4,3,5,1-8*t+ 25*t^2-47*t^3+ 57*t^4-47*t^5+ 25*t^6-8*t^7+ t^8
12a_293,12,3,3,5,7-26*t+ 50*t^2-61*t^3+ 50*t^4-26*t^5+ 7*t^6
12a_294,12,4,3,4,2-9*t+ 24*t^2-40*t^3+ 47*t^4-40*t^5+ 24*t^6-9*t^7+ 2*t^8
12a_295,12,3,3,5,6-23*t+ 46*t^2-57*t^3+ 46*t^4-23*t^5+ 6*t^6
12a_296,12,3,3,6,3-21*t+ 55*t^2-73*t^3+ 55*t^4-21*t^5+ 3*t^6
12a_297,12,4,3,4,2-8*t+ 19*t^2-30*t^3+ 35*t^4-30*t^5+ 19*t^6-8*t^7+ 2*t^8
12a_298,12,4,3,5,1-7*t+ 20*t^2-36*t^3+ 43*t^4-36*t^5+ 20*t^6-7*t^7+ t^8
12a_299,12,4,3,5,1-7*t+ 20*t^2-33*t^3+ 39*t^4-33*t^5+ 20*t^6-7*t^7+ t^8
12a_300,12,3,2,6,2-14*t+ 37*t^2-49*t^3+ 37*t^4-14*t^5+ 2*t^6
12a_301,12,3,3,6,3-20*t+ 52*t^2-71*t^3+ 52*t^4-20*t^5+ 3*t^6
12a_302,12,3,2,5,4-16*t+ 33*t^2-41*t^3+ 33*t^4-16*t^5+ 4*t^6
12a_303,12,3,2,6,2-14*t+ 36*t^2-49*t^3+ 36*t^4-14*t^5+ 2*t^6
12a_304,12,4,3,5,1-7*t+ 18*t^2-27*t^3+ 31*t^4-27*t^5+ 18*t^6-7*t^7+ t^8
12a_305,12,4,3,5,1-7*t+ 20*t^2-35*t^3+ 41*t^4-35*t^5+ 20*t^6-7*t^7+ t^8
12a_306,12,3,2,6,2-14*t+ 35*t^2-45*t^3+ 35*t^4-14*t^5+ 2*t^6
12a_307,12,3,2,6,2-14*t+ 37*t^2-51*t^3+ 37*t^4-14*t^5+ 2*t^6
12a_308,12,3,3,6,2-16*t+ 48*t^2-69*t^3+ 48*t^4-16*t^5+ 2*t^6
12a_309,12,3,3,6,3-21*t+ 58*t^2-81*t^3+ 58*t^4-21*t^5+ 3*t^6
12a_310,12,4,3,5,1-8*t+ 27*t^2-53*t^3+ 67*t^4-53*t^5+ 27*t^6-8*t^7+ t^8
12a_311,12,3,3,5,5-23*t+ 42*t^2-49*t^3+ 42*t^4-23*t^5+ 5*t^6
12a_312,12,2,3,6,9-40*t+ 61*t^2-40*t^3+ 9*t^4
12a_313,12,3,3,5,4-20*t+ 48*t^2-63*t^3+ 48*t^4-20*t^5+ 4*t^6
12a_314,12,3,3,6,3-21*t+ 51*t^2-67*t^3+ 51*t^4-21*t^5+ 3*t^6
12a_315,12,3,3,5,5-24*t+ 50*t^2-63*t^3+ 50*t^4-24*t^5+ 5*t^6
12a_316,12,4,3,5,1-8*t+ 29*t^2-62*t^3+ 81*t^4-62*t^5+ 29*t^6-8*t^7+ t^8
12a_317,12,3,3,5,5-25*t+ 60*t^2-79*t^3+ 60*t^4-25*t^5+ 5*t^6
12a_318,12,4,3,5,1-7*t+ 22*t^2-43*t^3+ 53*t^4-43*t^5+ 22*t^6-7*t^7+ t^8
12a_319,12,3,3,5,7-23*t+ 39*t^2-45*t^3+ 39*t^4-23*t^5+ 7*t^6
12a_320,12,2,3,6,12-39*t+ 55*t^2-39*t^3+ 12*t^4
12a_321,12,4,3,4,2-10*t+ 22*t^2-33*t^3+ 37*t^4-33*t^5+ 22*t^6-10*t^7+ 2*t^8
12a_322,12,3,3,5,4-20*t+ 42*t^2-53*t^3+ 42*t^4-20*t^5+ 4*t^6
12a_323,12,4,3,5,1-8*t+ 28*t^2-55*t^3+ 69*t^4-55*t^5+ 28*t^6-8*t^7+ t^8
12a_324,12,4,3,5,1-8*t+ 26*t^2-49*t^3+ 59*t^4-49*t^5+ 26*t^6-8*t^7+ t^8
12a_325,12,4,3,5,1-8*t+ 27*t^2-53*t^3+ 65*t^4-53*t^5+ 27*t^6-8*t^7+ t^8
12a_326,12,3,3,6,3-19*t+ 51*t^2-69*t^3+ 51*t^4-19*t^5+ 3*t^6
12a_327,12,3,3,5,4-18*t+ 40*t^2-51*t^3+ 40*t^4-18*t^5+ 4*t^6
12a_328,12,4,3,5,1-8*t+ 27*t^2-52*t^3+ 63*t^4-52*t^5+ 27*t^6-8*t^7+ t^8
12a_329,12,3,3,5,4-17*t+ 31*t^2-37*t^3+ 31*t^4-17*t^5+ 4*t^6
12a_330,12,2,2,6,6-24*t+ 35*t^2-24*t^3+ 6*t^4
12a_331,12,4,3,5,1-7*t+ 22*t^2-37*t^3+ 43*t^4-37*t^5+ 22*t^6-7*t^7+ t^8
12a_332,12,3,3,6,2-14*t+ 41*t^2-57*t^3+ 41*t^4-14*t^5+ 2*t^6
12a_333,12,4,3,5,1-8*t+ 27*t^2-52*t^3+ 65*t^4-52*t^5+ 27*t^6-8*t^7+ t^8
12a_334,12,4,3,5,1-8*t+ 28*t^2-54*t^3+ 67*t^4-54*t^5+ 28*t^6-8*t^7+ t^8
12a_335,12,4,3,5,1-9*t+ 30*t^2-59*t^3+ 73*t^4-59*t^5+ 30*t^6-9*t^7+ t^8
12a_336,12,3,3,5,4-22*t+ 49*t^2-63*t^3+ 49*t^4-22*t^5+ 4*t^6
12a_337,12,3,3,6,3-22*t+ 62*t^2-85*t^3+ 62*t^4-22*t^5+ 3*t^6
12a_338,12,3,3,6,2-16*t+ 45*t^2-61*t^3+ 45*t^4-16*t^5+ 2*t^6
12a_339,12,2,3,6,9-39*t+ 59*t^2-39*t^3+ 9*t^4
12a_340,12,3,3,6,3-21*t+ 59*t^2-81*t^3+ 59*t^4-21*t^5+ 3*t^6
12a_341,12,4,3,5,1-8*t+ 26*t^2-49*t^3+ 61*t^4-49*t^5+ 26*t^6-8*t^7+ t^8
12a_342,12,4,3,5,1-8*t+ 26*t^2-51*t^3+ 65*t^4-51*t^5+ 26*t^6-8*t^7+ t^8
12a_343,12,3,3,6,3-19*t+ 47*t^2-61*t^3+ 47*t^4-19*t^5+ 3*t^6
12a_344,12,3,3,5,5-17*t+ 30*t^2-35*t^3+ 30*t^4-17*t^5+ 5*t^6
12a_345,12,2,3,6,8-26*t+ 37*t^2-26*t^3+ 8*t^4
12a_346,12,4,3,4,2-11*t+ 27*t^2-42*t^3+ 49*t^4-42*t^5+ 27*t^6-11*t^7+ 2*t^8
12a_347,12,3,3,5,4-23*t+ 54*t^2-69*t^3+ 54*t^4-23*t^5+ 4*t^6
12a_348,12,3,3,6,2-17*t+ 54*t^2-79*t^3+ 54*t^4-17*t^5+ 2*t^6
12a_349,12,4,3,5,1-8*t+ 26*t^2-43*t^3+ 49*t^4-43*t^5+ 26*t^6-8*t^7+ t^8
12a_350,12,3,3,5,5-25*t+ 52*t^2-65*t^3+ 52*t^4-25*t^5+ 5*t^6
12a_351,12,4,3,5,1-7*t+ 24*t^2-48*t^3+ 61*t^4-48*t^5+ 24*t^6-7*t^7+ t^8
12a_352,12,4,3,5,1-8*t+ 28*t^2-57*t^3+ 71*t^4-57*t^5+ 28*t^6-8*t^7+ t^8
12a_353,12,3,3,5,4-19*t+ 43*t^2-55*t^3+ 43*t^4-19*t^5+ 4*t^6
12a_354,12,3,3,5,5-26*t+ 60*t^2-77*t^3+ 60*t^4-26*t^5+ 5*t^6
12a_355,12,3,3,5,5-16*t+ 27*t^2-31*t^3+ 27*t^4-16*t^5+ 5*t^6
12a_356,12,2,3,6,8-25*t+ 35*t^2-25*t^3+ 8*t^4
12a_357,12,3,3,6,3-17*t+ 40*t^2-53*t^3+ 40*t^4-17*t^5+ 3*t^6
12a_358,12,4,3,5,1-8*t+ 28*t^2-56*t^3+ 69*t^4-56*t^5+ 28*t^6-8*t^7+ t^8
12a_359,12,4,3,5,1-9*t+ 33*t^2-67*t^3+ 85*t^4-67*t^5+ 33*t^6-9*t^7+ t^8
12a_360,12,3,3,6,3-20*t+ 53*t^2-73*t^3+ 53*t^4-20*t^5+ 3*t^6
12a_361,12,4,3,5,1-9*t+ 34*t^2-73*t^3+ 95*t^4-73*t^5+ 34*t^6-9*t^7+ t^8
12a_362,12,4,3,5,1-9*t+ 31*t^2-56*t^3+ 67*t^4-56*t^5+ 31*t^6-9*t^7+ t^8
12a_363,12,4,3,5,1-8*t+ 27*t^2-49*t^3+ 59*t^4-49*t^5+ 27*t^6-8*t^7+ t^8
12a_364,12,4,3,5,1-8*t+ 29*t^2-63*t^3+ 81*t^4-63*t^5+ 29*t^6-8*t^7+ t^8
12a_365,12,4,3,4,2-9*t+ 18*t^2-24*t^3+ 25*t^4-24*t^5+ 18*t^6-9*t^7+ 2*t^8
12a_366,12,3,3,5,4-20*t+ 44*t^2-57*t^3+ 44*t^4-20*t^5+ 4*t^6
12a_367,12,4,3,4,3-9*t+ 17*t^2-24*t^3+ 27*t^4-24*t^5+ 17*t^6-9*t^7+ 3*t^8
12a_368,12,3,3,5,6-20*t+ 36*t^2-43*t^3+ 36*t^4-20*t^5+ 6*t^6
12a_369,12,5,3,3,1-3*t+ 6*t^2-8*t^3+ 10*t^4-11*t^5+ 10*t^6-8*t^7+ 6*t^8-3*t^9+ t^10
12a_370,12,4,3,4,2-7*t+ 15*t^2-21*t^3+ 23*t^4-21*t^5+ 15*t^6-7*t^7+ 2*t^8
12a_371,12,4,3,4,2-7*t+ 14*t^2-17*t^3+ 17*t^4-17*t^5+ 14*t^6-7*t^7+ 2*t^8
12a_372,12,3,3,5,4-16*t+ 35*t^2-45*t^3+ 35*t^4-16*t^5+ 4*t^6
12a_373,12,4,3,5,1-7*t+ 18*t^2-30*t^3+ 35*t^4-30*t^5+ 18*t^6-7*t^7+ t^8
12a_374,12,4,3,5,1-7*t+ 22*t^2-40*t^3+ 49*t^4-40*t^5+ 22*t^6-7*t^7+ t^8
12a_375,12,4,3,4,2-7*t+ 15*t^2-22*t^3+ 25*t^4-22*t^5+ 15*t^6-7*t^7+ 2*t^8
12a_376,12,3,3,5,4-15*t+ 30*t^2-37*t^3+ 30*t^4-15*t^5+ 4*t^6
12a_377,12,4,3,5,1-8*t+ 26*t^2-48*t^3+ 59*t^4-48*t^5+ 26*t^6-8*t^7+ t^8
12a_378,12,3,2,6,2-12*t+ 30*t^2-39*t^3+ 30*t^4-12*t^5+ 2*t^6
12a_379,12,3,2,5,3-9*t+ 15*t^2-17*t^3+ 15*t^4-9*t^5+ 3*t^6
12a_380,12,2,2,6,6-19*t+ 27*t^2-19*t^3+ 6*t^4
12a_381,12,3,3,6,3-17*t+ 36*t^2-43*t^3+ 36*t^4-17*t^5+ 3*t^6
12a_382,12,4,3,5,1-7*t+ 18*t^2-26*t^3+ 29*t^4-26*t^5+ 18*t^6-7*t^7+ t^8
12a_383,12,4,3,5,1-7*t+ 20*t^2-34*t^3+ 39*t^4-34*t^5+ 20*t^6-7*t^7+ t^8
12a_384,12,3,2,6,2-14*t+ 36*t^2-47*t^3+ 36*t^4-14*t^5+ 2*t^6
12a_385,12,3,2,6,2-14*t+ 38*t^2-53*t^3+ 38*t^4-14*t^5+ 2*t^6
12a_386,12,4,3,5,1-8*t+ 25*t^2-39*t^3+ 43*t^4-39*t^5+ 25*t^6-8*t^7+ t^8
12a_387,12,4,3,5,1-8*t+ 27*t^2-53*t^3+ 67*t^4-53*t^5+ 27*t^6-8*t^7+ t^8
12a_388,12,4,3,5,1-8*t+ 27*t^2-53*t^3+ 67*t^4-53*t^5+ 27*t^6-8*t^7+ t^8
12a_389,12,4,3,5,1-9*t+ 33*t^2-70*t^3+ 89*t^4-70*t^5+ 33*t^6-9*t^7+ t^8
12a_390,12,4,3,4,2-11*t+ 29*t^2-50*t^3+ 59*t^4-50*t^5+ 29*t^6-11*t^7+ 2*t^8
12a_391,12,3,3,5,7-23*t+ 40*t^2-47*t^3+ 40*t^4-23*t^5+ 7*t^6
12a_392,12,2,3,6,12-38*t+ 53*t^2-38*t^3+ 12*t^4
12a_393,12,3,3,5,5-27*t+ 60*t^2-77*t^3+ 60*t^4-27*t^5+ 5*t^6
12a_394,12,4,3,4,2-9*t+ 23*t^2-36*t^3+ 41*t^4-36*t^5+ 23*t^6-9*t^7+ 2*t^8
12a_395,12,3,3,5,4-18*t+ 42*t^2-55*t^3+ 42*t^4-18*t^5+ 4*t^6
12a_396,12,4,3,5,1-7*t+ 22*t^2-40*t^3+ 49*t^4-40*t^5+ 22*t^6-7*t^7+ t^8
12a_397,12,3,3,6,3-20*t+ 48*t^2-63*t^3+ 48*t^4-20*t^5+ 3*t^6
12a_398,12,4,3,5,1-7*t+ 22*t^2-39*t^3+ 47*t^4-39*t^5+ 22*t^6-7*t^7+ t^8
12a_399,12,3,3,5,5-22*t+ 48*t^2-61*t^3+ 48*t^4-22*t^5+ 5*t^6
12a_400,12,3,3,6,3-18*t+ 48*t^2-65*t^3+ 48*t^4-18*t^5+ 3*t^6
12a_401,12,3,3,6,2-14*t+ 38*t^2-51*t^3+ 38*t^4-14*t^5+ 2*t^6
12a_402,12,4,3,5,1-8*t+ 29*t^2-60*t^3+ 75*t^4-60*t^5+ 29*t^6-8*t^7+ t^8
12a_403,12,3,3,6,3-19*t+ 49*t^2-67*t^3+ 49*t^4-19*t^5+ 3*t^6
12a_404,12,3,3,6,3-17*t+ 37*t^2-45*t^3+ 37*t^4-17*t^5+ 3*t^6
12a_405,12,3,3,6,3-19*t+ 45*t^2-57*t^3+ 45*t^4-19*t^5+ 3*t^6
12a_406,12,3,2,6,2-16*t+ 43*t^2-57*t^3+ 43*t^4-16*t^5+ 2*t^6
12a_407,12,3,3,6,3-21*t+ 60*t^2-83*t^3+ 60*t^4-21*t^5+ 3*t^6
12a_408,12,3,3,5,5-29*t+ 66*t^2-85*t^3+ 66*t^4-29*t^5+ 5*t^6
12a_409,12,4,3,4,2-10*t+ 20*t^2-27*t^3+ 29*t^4-27*t^5+ 20*t^6-10*t^7+ 2*t^8
12a_410,12,3,3,5,4-22*t+ 48*t^2-61*t^3+ 48*t^4-22*t^5+ 4*t^6
12a_411,12,4,3,4,2-9*t+ 21*t^2-29*t^3+ 31*t^4-29*t^5+ 21*t^6-9*t^7+ 2*t^8
12a_412,12,3,3,5,4-20*t+ 49*t^2-65*t^3+ 49*t^4-20*t^5+ 4*t^6
12a_413,12,4,3,5,1-8*t+ 29*t^2-62*t^3+ 79*t^4-62*t^5+ 29*t^6-8*t^7+ t^8
12a_414,12,2,3,6,9-37*t+ 55*t^2-37*t^3+ 9*t^4
12a_415,12,4,3,5,1-8*t+ 27*t^2-54*t^3+ 69*t^4-54*t^5+ 27*t^6-8*t^7+ t^8
12a_416,12,4,3,5,1-8*t+ 25*t^2-44*t^3+ 51*t^4-44*t^5+ 25*t^6-8*t^7+ t^8
12a_417,12,4,3,5,1-8*t+ 28*t^2-55*t^3+ 67*t^4-55*t^5+ 28*t^6-8*t^7+ t^8
12a_418,12,4,3,5,1-8*t+ 27*t^2-54*t^3+ 67*t^4-54*t^5+ 27*t^6-8*t^7+ t^8
12a_419,12,4,3,5,1-9*t+ 32*t^2-61*t^3+ 73*t^4-61*t^5+ 32*t^6-9*t^7+ t^8
12a_420,12,3,3,5,5-15*t+ 23*t^2-25*t^3+ 23*t^4-15*t^5+ 5*t^6
12a_421,12,2,3,6,10-33*t+ 47*t^2-33*t^3+ 10*t^4
12a_422,12,4,3,4,2-6*t+ 10*t^2-11*t^3+ 11*t^4-11*t^5+ 10*t^6-6*t^7+ 2*t^8
12a_423,12,3,3,5,4-14*t+ 26*t^2-31*t^3+ 26*t^4-14*t^5+ 4*t^6
12a_424,12,3,3,5,4-15*t+ 29*t^2-35*t^3+ 29*t^4-15*t^5+ 4*t^6
12a_425,12,2,2,6,6-20*t+ 29*t^2-20*t^3+ 6*t^4
12a_426,12,4,3,5,1-8*t+ 29*t^2-60*t^3+ 77*t^4-60*t^5+ 29*t^6-8*t^7+ t^8
12a_427,12,4,3,5,1-8*t+ 26*t^2-48*t^3+ 59*t^4-48*t^5+ 26*t^6-8*t^7+ t^8
12a_428,12,4,3,4,2-9*t+ 21*t^2-32*t^3+ 37*t^4-32*t^5+ 21*t^6-9*t^7+ 2*t^8
12a_429,12,3,3,5,4-19*t+ 42*t^2-53*t^3+ 42*t^4-19*t^5+ 4*t^6
12a_430,12,4,3,4,2-10*t+ 27*t^2-45*t^3+ 53*t^4-45*t^5+ 27*t^6-10*t^7+ 2*t^8
12a_431,12,3,3,5,8-31*t+ 61*t^2-75*t^3+ 61*t^4-31*t^5+ 8*t^6
12a_432,12,3,3,5,7-25*t+ 46*t^2-55*t^3+ 46*t^4-25*t^5+ 7*t^6
12a_433,12,3,3,6,3-19*t+ 44*t^2-57*t^3+ 44*t^4-19*t^5+ 3*t^6
12a_434,12,4,3,5,1-8*t+ 23*t^2-41*t^3+ 49*t^4-41*t^5+ 23*t^6-8*t^7+ t^8
12a_435,12,4,3,5,1-8*t+ 26*t^2-48*t^3+ 59*t^4-48*t^5+ 26*t^6-8*t^7+ t^8
12a_436,12,4,3,5,1-7*t+ 18*t^2-29*t^3+ 33*t^4-29*t^5+ 18*t^6-7*t^7+ t^8
12a_437,12,3,2,6,2-14*t+ 35*t^2-47*t^3+ 35*t^4-14*t^5+ 2*t^6
12a_438,12,4,3,5,1-8*t+ 25*t^2-44*t^3+ 53*t^4-44*t^5+ 25*t^6-8*t^7+ t^8
12a_439,12,4,3,5,1-9*t+ 34*t^2-71*t^3+ 91*t^4-71*t^5+ 34*t^6-9*t^7+ t^8
12a_440,12,4,3,4,2-9*t+ 20*t^2-28*t^3+ 31*t^4-28*t^5+ 20*t^6-9*t^7+ 2*t^8
12a_441,12,3,3,5,4-20*t+ 46*t^2-59*t^3+ 46*t^4-20*t^5+ 4*t^6
12a_442,12,3,3,5,5-14*t+ 21*t^2-23*t^3+ 21*t^4-14*t^5+ 5*t^6
12a_443,12,2,3,6,10-31*t+ 43*t^2-31*t^3+ 10*t^4
12a_444,12,3,3,6,2-13*t+ 30*t^2-39*t^3+ 30*t^4-13*t^5+ 2*t^6
12a_445,12,4,3,5,1-7*t+ 20*t^2-36*t^3+ 43*t^4-36*t^5+ 20*t^6-7*t^7+ t^8
12a_446,12,4,3,5,1-8*t+ 26*t^2-50*t^3+ 61*t^4-50*t^5+ 26*t^6-8*t^7+ t^8
12a_447,12,3,2,6,2-12*t+ 28*t^2-37*t^3+ 28*t^4-12*t^5+ 2*t^6
12a_448,12,2,3,7,5-26*t+ 43*t^2-26*t^3+ 5*t^4
12a_449,12,3,3,6,2-16*t+ 45*t^2-61*t^3+ 45*t^4-16*t^5+ 2*t^6
12a_450,12,3,3,6,2-16*t+ 50*t^2-71*t^3+ 50*t^4-16*t^5+ 2*t^6
12a_451,12,4,3,5,1-8*t+ 27*t^2-53*t^3+ 65*t^4-53*t^5+ 27*t^6-8*t^7+ t^8
12a_452,12,4,3,5,1-8*t+ 28*t^2-55*t^3+ 69*t^4-55*t^5+ 28*t^6-8*t^7+ t^8
12a_453,12,4,3,5,1-7*t+ 18*t^2-30*t^3+ 37*t^4-30*t^5+ 18*t^6-7*t^7+ t^8
12a_454,12,3,2,6,2-12*t+ 24*t^2-27*t^3+ 24*t^4-12*t^5+ 2*t^6
12a_455,12,4,3,5,1-8*t+ 27*t^2-52*t^3+ 63*t^4-52*t^5+ 27*t^6-8*t^7+ t^8
12a_456,12,4,3,5,1-8*t+ 25*t^2-48*t^3+ 61*t^4-48*t^5+ 25*t^6-8*t^7+ t^8
12a_457,12,4,3,5,1-8*t+ 29*t^2-60*t^3+ 75*t^4-60*t^5+ 29*t^6-8*t^7+ t^8
12a_458,12,4,3,5,1-9*t+ 32*t^2-63*t^3+ 79*t^4-63*t^5+ 32*t^6-9*t^7+ t^8
12a_459,12,3,3,6,3-21*t+ 58*t^2-79*t^3+ 58*t^4-21*t^5+ 3*t^6
12a_460,12,3,3,6,2-17*t+ 53*t^2-77*t^3+ 53*t^4-17*t^5+ 2*t^6
12a_461,12,3,3,5,5-25*t+ 53*t^2-67*t^3+ 53*t^4-25*t^5+ 5*t^6
12a_462,12,4,3,5,1-7*t+ 19*t^2-32*t^3+ 39*t^4-32*t^5+ 19*t^6-7*t^7+ t^8
12a_463,12,3,3,6,2-12*t+ 26*t^2-31*t^3+ 26*t^4-12*t^5+ 2*t^6
12a_464,12,4,3,5,1-7*t+ 24*t^2-49*t^3+ 63*t^4-49*t^5+ 24*t^6-7*t^7+ t^8
12a_465,12,4,3,5,1-8*t+ 26*t^2-52*t^3+ 67*t^4-52*t^5+ 26*t^6-8*t^7+ t^8
12a_466,12,4,3,5,1-8*t+ 26*t^2-44*t^3+ 51*t^4-44*t^5+ 26*t^6-8*t^7+ t^8
12a_467,12,4,3,5,1-8*t+ 29*t^2-60*t^3+ 75*t^4-60*t^5+ 29*t^6-8*t^7+ t^8
12a_468,12,4,3,5,1-8*t+ 23*t^2-40*t^3+ 47*t^4-40*t^5+ 23*t^6-8*t^7+ t^8
12a_469,12,4,3,5,1-7*t+ 24*t^2-47*t^3+ 59*t^4-47*t^5+ 24*t^6-7*t^7+ t^8
12a_470,12,4,3,5,1-8*t+ 27*t^2-54*t^3+ 67*t^4-54*t^5+ 27*t^6-8*t^7+ t^8
12a_471,12,2,2,7,4-21*t+ 35*t^2-21*t^3+ 4*t^4
12a_472,12,3,3,6,3-22*t+ 56*t^2-75*t^3+ 56*t^4-22*t^5+ 3*t^6
12a_473,12,4,3,5,1-8*t+ 30*t^2-64*t^3+ 83*t^4-64*t^5+ 30*t^6-8*t^7+ t^8
12a_474,12,4,3,5,1-9*t+ 32*t^2-63*t^3+ 77*t^4-63*t^5+ 32*t^6-9*t^7+ t^8
12a_475,12,4,3,5,1-8*t+ 28*t^2-56*t^3+ 69*t^4-56*t^5+ 28*t^6-8*t^7+ t^8
12a_476,12,4,3,5,1-7*t+ 20*t^2-33*t^3+ 39*t^4-33*t^5+ 20*t^6-7*t^7+ t^8
12a_477,12,3,2,7,1-11*t+ 41*t^2-63*t^3+ 41*t^4-11*t^5+ t^6
12a_478,12,4,3,5,1-8*t+ 25*t^2-46*t^3+ 55*t^4-46*t^5+ 25*t^6-8*t^7+ t^8
12a_479,12,4,3,5,1-8*t+ 28*t^2-56*t^3+ 71*t^4-56*t^5+ 28*t^6-8*t^7+ t^8
12a_480,12,4,3,5,1-8*t+ 30*t^2-64*t^3+ 81*t^4-64*t^5+ 30*t^6-8*t^7+ t^8
12a_481,12,3,3,6,2-13*t+ 28*t^2-33*t^3+ 28*t^4-13*t^5+ 2*t^6
12a_482,12,2,2,7,4-23*t+ 39*t^2-23*t^3+ 4*t^4
12a_483,12,4,3,5,1-9*t+ 35*t^2-75*t^3+ 95*t^4-75*t^5+ 35*t^6-9*t^7+ t^8
12a_484,12,4,3,5,1-9*t+ 32*t^2-63*t^3+ 79*t^4-63*t^5+ 32*t^6-9*t^7+ t^8
12a_485,12,4,3,5,1-8*t+ 28*t^2-56*t^3+ 69*t^4-56*t^5+ 28*t^6-8*t^7+ t^8
12a_486,12,4,3,5,1-9*t+ 31*t^2-59*t^3+ 73*t^4-59*t^5+ 31*t^6-9*t^7+ t^8
12a_487,12,4,3,5,1-8*t+ 29*t^2-58*t^3+ 71*t^4-58*t^5+ 29*t^6-8*t^7+ t^8
12a_488,12,4,3,5,1-7*t+ 22*t^2-37*t^3+ 41*t^4-37*t^5+ 22*t^6-7*t^7+ t^8
12a_489,12,3,3,6,3-20*t+ 50*t^2-65*t^3+ 50*t^4-20*t^5+ 3*t^6
12a_490,12,3,3,5,7-25*t+ 45*t^2-53*t^3+ 45*t^4-25*t^5+ 7*t^6
12a_491,12,3,3,6,2-14*t+ 42*t^2-61*t^3+ 42*t^4-14*t^5+ 2*t^6
12a_492,12,3,3,6,2-15*t+ 47*t^2-69*t^3+ 47*t^4-15*t^5+ 2*t^6
12a_493,12,4,3,5,1-7*t+ 22*t^2-36*t^3+ 39*t^4-36*t^5+ 22*t^6-7*t^7+ t^8
12a_494,12,3,3,6,2-15*t+ 48*t^2-71*t^3+ 48*t^4-15*t^5+ 2*t^6
12a_495,12,4,3,4,2-11*t+ 30*t^2-50*t^3+ 59*t^4-50*t^5+ 30*t^6-11*t^7+ 2*t^8
12a_496,12,4,3,4,2-12*t+ 32*t^2-55*t^3+ 65*t^4-55*t^5+ 32*t^6-12*t^7+ 2*t^8
12a_497,12,4,2,5,1-7*t+ 23*t^2-45*t^3+ 57*t^4-45*t^5+ 23*t^6-7*t^7+ t^8
12a_498,12,4,2,5,1-7*t+ 23*t^2-45*t^3+ 55*t^4-45*t^5+ 23*t^6-7*t^7+ t^8
12a_499,12,4,2,5,1-7*t+ 25*t^2-51*t^3+ 65*t^4-51*t^5+ 25*t^6-7*t^7+ t^8
12a_500,12,4,2,5,1-7*t+ 21*t^2-35*t^3+ 39*t^4-35*t^5+ 21*t^6-7*t^7+ t^8
12a_501,12,4,2,5,1-7*t+ 23*t^2-43*t^3+ 51*t^4-43*t^5+ 23*t^6-7*t^7+ t^8
12a_502,12,4,2,4,2-8*t+ 13*t^2-15*t^3+ 15*t^4-15*t^5+ 13*t^6-8*t^7+ 2*t^8
12a_503,12,4,3,5,1-7*t+ 19*t^2-27*t^3+ 27*t^4-27*t^5+ 19*t^6-7*t^7+ t^8
12a_504,12,3,3,5,4-18*t+ 34*t^2-41*t^3+ 34*t^4-18*t^5+ 4*t^6
12a_505,12,4,3,5,1-7*t+ 21*t^2-39*t^3+ 47*t^4-39*t^5+ 21*t^6-7*t^7+ t^8
12a_506,12,4,2,5,1-7*t+ 21*t^2-39*t^3+ 49*t^4-39*t^5+ 21*t^6-7*t^7+ t^8
12a_507,12,4,3,4,2-8*t+ 15*t^2-21*t^3+ 23*t^4-21*t^5+ 15*t^6-8*t^7+ 2*t^8
12a_508,12,3,2,5,4-16*t+ 28*t^2-33*t^3+ 28*t^4-16*t^5+ 4*t^6
12a_509,12,4,3,4,2-10*t+ 26*t^2-45*t^3+ 53*t^4-45*t^5+ 26*t^6-10*t^7+ 2*t^8
12a_510,12,3,2,5,4-20*t+ 44*t^2-57*t^3+ 44*t^4-20*t^5+ 4*t^6
12a_511,12,4,2,4,2-8*t+ 17*t^2-23*t^3+ 25*t^4-23*t^5+ 17*t^6-8*t^7+ 2*t^8
12a_512,12,4,2,5,1-7*t+ 19*t^2-31*t^3+ 35*t^4-31*t^5+ 19*t^6-7*t^7+ t^8
12a_513,12,3,3,5,4-18*t+ 40*t^2-51*t^3+ 40*t^4-18*t^5+ 4*t^6
12a_514,12,3,2,5,4-19*t+ 43*t^2-55*t^3+ 43*t^4-19*t^5+ 4*t^6
12a_515,12,4,3,5,1-7*t+ 21*t^2-37*t^3+ 45*t^4-37*t^5+ 21*t^6-7*t^7+ t^8
12a_516,12,4,3,5,1-7*t+ 23*t^2-47*t^3+ 59*t^4-47*t^5+ 23*t^6-7*t^7+ t^8
12a_517,12,4,2,5,1-7*t+ 19*t^2-29*t^3+ 33*t^4-29*t^5+ 19*t^6-7*t^7+ t^8
12a_518,12,3,2,6,2-13*t+ 37*t^2-53*t^3+ 37*t^4-13*t^5+ 2*t^6
12a_519,12,4,2,4,2-8*t+ 14*t^2-20*t^3+ 23*t^4-20*t^5+ 14*t^6-8*t^7+ 2*t^8
12a_520,12,3,2,5,4-17*t+ 29*t^2-33*t^3+ 29*t^4-17*t^5+ 4*t^6
12a_521,12,4,2,5,1-7*t+ 17*t^2-21*t^3+ 21*t^4-21*t^5+ 17*t^6-7*t^7+ t^8
12a_522,12,3,2,5,4-19*t+ 39*t^2-49*t^3+ 39*t^4-19*t^5+ 4*t^6
12a_523,12,4,3,4,2-10*t+ 26*t^2-43*t^3+ 51*t^4-43*t^5+ 26*t^6-10*t^7+ 2*t^8
12a_524,12,3,3,6,2-15*t+ 41*t^2-55*t^3+ 41*t^4-15*t^5+ 2*t^6
12a_525,12,3,3,6,2-13*t+ 33*t^2-45*t^3+ 33*t^4-13*t^5+ 2*t^6
12a_526,12,4,3,4,2-10*t+ 25*t^2-43*t^3+ 51*t^4-43*t^5+ 25*t^6-10*t^7+ 2*t^8
12a_527,12,4,3,4,2-10*t+ 25*t^2-39*t^3+ 45*t^4-39*t^5+ 25*t^6-10*t^7+ 2*t^8
12a_528,12,4,2,5,1-7*t+ 21*t^2-39*t^3+ 47*t^4-39*t^5+ 21*t^6-7*t^7+ t^8
12a_529,12,3,3,6,2-15*t+ 45*t^2-65*t^3+ 45*t^4-15*t^5+ 2*t^6
12a_530,12,3,3,6,3-19*t+ 51*t^2-71*t^3+ 51*t^4-19*t^5+ 3*t^6
12a_531,12,4,3,4,2-8*t+ 18*t^2-30*t^3+ 35*t^4-30*t^5+ 18*t^6-8*t^7+ 2*t^8
12a_532,12,3,2,5,4-15*t+ 27*t^2-33*t^3+ 27*t^4-15*t^5+ 4*t^6
12a_533,12,4,2,4,2-8*t+ 18*t^2-26*t^3+ 29*t^4-26*t^5+ 18*t^6-8*t^7+ 2*t^8
12a_534,12,3,2,5,4-17*t+ 37*t^2-47*t^3+ 37*t^4-17*t^5+ 4*t^6
12a_535,12,4,2,5,1-7*t+ 21*t^2-37*t^3+ 43*t^4-37*t^5+ 21*t^6-7*t^7+ t^8
12a_536,12,4,2,5,1-7*t+ 19*t^2-27*t^3+ 29*t^4-27*t^5+ 19*t^6-7*t^7+ t^8
12a_537,12,3,2,6,2-15*t+ 43*t^2-59*t^3+ 43*t^4-15*t^5+ 2*t^6
12a_538,12,4,2,4,2-8*t+ 12*t^2-13*t^3+ 13*t^4-13*t^5+ 12*t^6-8*t^7+ 2*t^8
12a_539,12,3,2,5,4-18*t+ 32*t^2-37*t^3+ 32*t^4-18*t^5+ 4*t^6
12a_540,12,3,2,5,4-19*t+ 37*t^2-45*t^3+ 37*t^4-19*t^5+ 4*t^6
12a_541,12,4,2,5,1-7*t+ 19*t^2-31*t^3+ 37*t^4-31*t^5+ 19*t^6-7*t^7+ t^8
12a_542,12,2,3,6,7-31*t+ 47*t^2-31*t^3+ 7*t^4
12a_543,12,3,3,6,3-21*t+ 57*t^2-77*t^3+ 57*t^4-21*t^5+ 3*t^6
12a_544,12,4,3,4,2-8*t+ 19*t^2-31*t^3+ 37*t^4-31*t^5+ 19*t^6-8*t^7+ 2*t^8
12a_545,12,3,2,5,4-16*t+ 32*t^2-39*t^3+ 32*t^4-16*t^5+ 4*t^6
12a_546,12,3,3,6,3-21*t+ 55*t^2-73*t^3+ 55*t^4-21*t^5+ 3*t^6
12a_547,12,3,3,5,5-25*t+ 53*t^2-67*t^3+ 53*t^4-25*t^5+ 5*t^6
12a_548,12,3,3,5,4-14*t+ 23*t^2-27*t^3+ 23*t^4-14*t^5+ 4*t^6
12a_549,12,2,2,6,8-28*t+ 39*t^2-28*t^3+ 8*t^4
12a_550,12,3,2,6,2-13*t+ 35*t^2-49*t^3+ 35*t^4-13*t^5+ 2*t^6
12a_551,12,2,2,6,6-26*t+ 39*t^2-26*t^3+ 6*t^4
12a_552,12,3,2,6,2-13*t+ 31*t^2-39*t^3+ 31*t^4-13*t^5+ 2*t^6
12a_553,12,4,3,4,2-10*t+ 26*t^2-41*t^3+ 47*t^4-41*t^5+ 26*t^6-10*t^7+ 2*t^8
12a_554,12,3,4,6,2-15*t+ 45*t^2-65*t^3+ 45*t^4-15*t^5+ 2*t^6
12a_555,12,3,3,6,3-18*t+ 45*t^2-61*t^3+ 45*t^4-18*t^5+ 3*t^6
12a_556,12,3,3,5,4-17*t+ 32*t^2-39*t^3+ 32*t^4-17*t^5+ 4*t^6
12a_557,12,2,3,6,7-27*t+ 39*t^2-27*t^3+ 7*t^4
12a_558,12,4,3,4,2-11*t+ 29*t^2-47*t^3+ 55*t^4-47*t^5+ 29*t^6-11*t^7+ 2*t^8
12a_559,12,3,3,5,4-21*t+ 49*t^2-63*t^3+ 49*t^4-21*t^5+ 4*t^6
12a_560,12,3,3,6,2-15*t+ 41*t^2-57*t^3+ 41*t^4-15*t^5+ 2*t^6
12a_561,12,4,3,5,1-7*t+ 25*t^2-49*t^3+ 61*t^4-49*t^5+ 25*t^6-7*t^7+ t^8
12a_562,12,3,3,6,2-15*t+ 41*t^2-55*t^3+ 41*t^4-15*t^5+ 2*t^6
12a_563,12,3,3,5,4-16*t+ 25*t^2-27*t^3+ 25*t^4-16*t^5+ 4*t^6
12a_564,12,2,3,6,8-34*t+ 51*t^2-34*t^3+ 8*t^4
12a_565,12,4,3,5,1-7*t+ 23*t^2-41*t^3+ 49*t^4-41*t^5+ 23*t^6-7*t^7+ t^8
12a_566,12,3,3,6,2-13*t+ 37*t^2-51*t^3+ 37*t^4-13*t^5+ 2*t^6
12a_567,12,4,3,4,2-12*t+ 31*t^2-50*t^3+ 59*t^4-50*t^5+ 31*t^6-12*t^7+ 2*t^8
12a_568,12,3,3,5,4-18*t+ 35*t^2-43*t^3+ 35*t^4-18*t^5+ 4*t^6
12a_569,12,4,3,5,1-7*t+ 21*t^2-31*t^3+ 33*t^4-31*t^5+ 21*t^6-7*t^7+ t^8
12a_570,12,3,3,6,2-15*t+ 47*t^2-67*t^3+ 47*t^4-15*t^5+ 2*t^6
12a_571,12,4,3,4,2-12*t+ 33*t^2-58*t^3+ 69*t^4-58*t^5+ 33*t^6-12*t^7+ 2*t^8
12a_572,12,4,3,4,2-9*t+ 21*t^2-35*t^3+ 41*t^4-35*t^5+ 21*t^6-9*t^7+ 2*t^8
12a_573,12,4,3,4,2-9*t+ 19*t^2-27*t^3+ 29*t^4-27*t^5+ 19*t^6-9*t^7+ 2*t^8
12a_574,12,4,3,4,3-9*t+ 16*t^2-20*t^3+ 21*t^4-20*t^5+ 16*t^6-9*t^7+ 3*t^8
12a_575,12,3,3,5,6-21*t+ 40*t^2-49*t^3+ 40*t^4-21*t^5+ 6*t^6
12a_576,12,5,3,3,1-3*t+ 6*t^2-8*t^3+ 9*t^4-9*t^5+ 9*t^6-8*t^7+ 6*t^8-3*t^9+ t^10
12a_577,12,4,3,4,2-7*t+ 15*t^2-22*t^3+ 25*t^4-22*t^5+ 15*t^6-7*t^7+ 2*t^8
12a_578,12,4,3,4,2-8*t+ 19*t^2-30*t^3+ 35*t^4-30*t^5+ 19*t^6-8*t^7+ 2*t^8
12a_579,12,4,2,5,1-7*t+ 21*t^2-37*t^3+ 45*t^4-37*t^5+ 21*t^6-7*t^7+ t^8
12a_580,12,4,2,4,2-6*t+ 10*t^2-11*t^3+ 11*t^4-11*t^5+ 10*t^6-6*t^7+ 2*t^8
12a_581,12,3,2,5,4-14*t+ 26*t^2-31*t^3+ 26*t^4-14*t^5+ 4*t^6
12a_582,12,3,2,5,4-15*t+ 29*t^2-35*t^3+ 29*t^4-15*t^5+ 4*t^6
12a_583,12,4,2,5,1-7*t+ 19*t^2-33*t^3+ 41*t^4-33*t^5+ 19*t^6-7*t^7+ t^8
12a_584,12,4,2,5,1-7*t+ 19*t^2-29*t^3+ 31*t^4-29*t^5+ 19*t^6-7*t^7+ t^8
12a_585,12,3,2,6,2-15*t+ 43*t^2-61*t^3+ 43*t^4-15*t^5+ 2*t^6
12a_586,12,3,3,5,7-24*t+ 44*t^2-53*t^3+ 44*t^4-24*t^5+ 7*t^6
12a_587,12,4,3,4,2-10*t+ 22*t^2-34*t^3+ 39*t^4-34*t^5+ 22*t^6-10*t^7+ 2*t^8
12a_588,12,4,3,4,2-11*t+ 30*t^2-53*t^3+ 63*t^4-53*t^5+ 30*t^6-11*t^7+ 2*t^8
12a_589,12,4,3,4,2-9*t+ 23*t^2-37*t^3+ 43*t^4-37*t^5+ 23*t^6-9*t^7+ 2*t^8
12a_590,12,4,3,4,2-9*t+ 19*t^2-29*t^3+ 33*t^4-29*t^5+ 19*t^6-9*t^7+ 2*t^8
12a_591,12,3,3,5,3-13*t+ 24*t^2-29*t^3+ 24*t^4-13*t^5+ 3*t^6
12a_592,12,3,3,5,5-24*t+ 49*t^2-61*t^3+ 49*t^4-24*t^5+ 5*t^6
12a_593,12,3,3,5,4-19*t+ 41*t^2-53*t^3+ 41*t^4-19*t^5+ 4*t^6
12a_594,12,3,3,5,3-11*t+ 22*t^2-27*t^3+ 22*t^4-11*t^5+ 3*t^6
12a_595,12,3,2,6,2-13*t+ 33*t^2-43*t^3+ 33*t^4-13*t^5+ 2*t^6
12a_596,12,2,2,6,6-20*t+ 29*t^2-20*t^3+ 6*t^4
12a_597,12,3,2,6,2-13*t+ 29*t^2-35*t^3+ 29*t^4-13*t^5+ 2*t^6
12a_598,12,4,3,4,2-10*t+ 25*t^2-43*t^3+ 51*t^4-43*t^5+ 25*t^6-10*t^7+ 2*t^8
12a_599,12,4,3,4,2-10*t+ 26*t^2-42*t^3+ 49*t^4-42*t^5+ 26*t^6-10*t^7+ 2*t^8
12a_600,12,3,2,5,4-15*t+ 23*t^2-25*t^3+ 23*t^4-15*t^5+ 4*t^6
12a_601,12,2,2,6,8-32*t+ 47*t^2-32*t^3+ 8*t^4
12a_602,12,4,3,4,2-11*t+ 28*t^2-46*t^3+ 55*t^4-46*t^5+ 28*t^6-11*t^7+ 2*t^8
12a_603,12,3,3,5,4-22*t+ 50*t^2-63*t^3+ 50*t^4-22*t^5+ 4*t^6
12a_604,12,3,3,6,3-20*t+ 53*t^2-71*t^3+ 53*t^4-20*t^5+ 3*t^6
12a_605,12,4,3,4,2-9*t+ 20*t^2-30*t^3+ 33*t^4-30*t^5+ 20*t^6-9*t^7+ 2*t^8
12a_606,12,3,3,5,4-18*t+ 38*t^2-49*t^3+ 38*t^4-18*t^5+ 4*t^6
12a_607,12,4,3,4,2-9*t+ 22*t^2-34*t^3+ 39*t^4-34*t^5+ 22*t^6-9*t^7+ 2*t^8
12a_608,12,3,3,5,4-19*t+ 44*t^2-57*t^3+ 44*t^4-19*t^5+ 4*t^6
12a_609,12,3,3,5,5-23*t+ 51*t^2-65*t^3+ 51*t^4-23*t^5+ 5*t^6
12a_610,12,2,3,6,11-34*t+ 47*t^2-34*t^3+ 11*t^4
12a_611,12,3,3,5,4-24*t+ 55*t^2-71*t^3+ 55*t^4-24*t^5+ 4*t^6
12a_612,12,3,3,5,4-17*t+ 32*t^2-39*t^3+ 32*t^4-17*t^5+ 4*t^6
12a_613,12,3,3,5,3-15*t+ 36*t^2-47*t^3+ 36*t^4-15*t^5+ 3*t^6
12a_614,12,3,3,6,3-20*t+ 51*t^2-67*t^3+ 51*t^4-20*t^5+ 3*t^6
12a_615,12,3,3,5,7-27*t+ 54*t^2-67*t^3+ 54*t^4-27*t^5+ 7*t^6
12a_616,12,4,3,4,2-11*t+ 32*t^2-55*t^3+ 65*t^4-55*t^5+ 32*t^6-11*t^7+ 2*t^8
12a_617,12,4,3,4,2-9*t+ 22*t^2-35*t^3+ 41*t^4-35*t^5+ 22*t^6-9*t^7+ 2*t^8
12a_618,12,4,3,4,2-11*t+ 31*t^2-53*t^3+ 63*t^4-53*t^5+ 31*t^6-11*t^7+ 2*t^8
12a_619,12,2,3,6,6-24*t+ 35*t^2-24*t^3+ 6*t^4
12a_620,12,4,3,4,2-12*t+ 33*t^2-55*t^3+ 65*t^4-55*t^5+ 33*t^6-12*t^7+ 2*t^8
12a_621,12,4,3,5,1-8*t+ 22*t^2-36*t^3+ 41*t^4-36*t^5+ 22*t^6-8*t^7+ t^8
12a_622,12,3,3,6,2-17*t+ 47*t^2-65*t^3+ 47*t^4-17*t^5+ 2*t^6
12a_623,12,3,3,5,4-20*t+ 43*t^2-55*t^3+ 43*t^4-20*t^5+ 4*t^6
12a_624,12,3,3,5,4-18*t+ 41*t^2-53*t^3+ 41*t^4-18*t^5+ 4*t^6
12a_625,12,3,3,6,3-19*t+ 49*t^2-67*t^3+ 49*t^4-19*t^5+ 3*t^6
12a_626,12,4,3,4,2-12*t+ 34*t^2-61*t^3+ 73*t^4-61*t^5+ 34*t^6-12*t^7+ 2*t^8
12a_627,12,4,3,5,1-8*t+ 26*t^2-49*t^3+ 61*t^4-49*t^5+ 26*t^6-8*t^7+ t^8
12a_628,12,3,3,5,3-18*t+ 46*t^2-61*t^3+ 46*t^4-18*t^5+ 3*t^6
12a_629,12,4,3,5,1-8*t+ 31*t^2-66*t^3+ 85*t^4-66*t^5+ 31*t^6-8*t^7+ t^8
12a_630,12,4,3,5,1-8*t+ 27*t^2-52*t^3+ 63*t^4-52*t^5+ 27*t^6-8*t^7+ t^8
12a_631,12,3,3,5,4-22*t+ 52*t^2-69*t^3+ 52*t^4-22*t^5+ 4*t^6
12a_632,12,3,3,5,4-17*t+ 33*t^2-41*t^3+ 33*t^4-17*t^5+ 4*t^6
12a_633,12,3,3,5,4-21*t+ 51*t^2-67*t^3+ 51*t^4-21*t^5+ 4*t^6
12a_634,12,3,3,5,4-15*t+ 30*t^2-37*t^3+ 30*t^4-15*t^5+ 4*t^6
12a_635,12,3,3,6,3-19*t+ 47*t^2-63*t^3+ 47*t^4-19*t^5+ 3*t^6
12a_636,12,2,3,6,7-23*t+ 33*t^2-23*t^3+ 7*t^4
12a_637,12,4,3,5,1-8*t+ 26*t^2-50*t^3+ 61*t^4-50*t^5+ 26*t^6-8*t^7+ t^8
12a_638,12,3,3,5,4-20*t+ 41*t^2-51*t^3+ 41*t^4-20*t^5+ 4*t^6
12a_639,12,4,3,4,2-10*t+ 24*t^2-40*t^3+ 47*t^4-40*t^5+ 24*t^6-10*t^7+ 2*t^8
12a_640,12,3,3,5,3-14*t+ 28*t^2-35*t^3+ 28*t^4-14*t^5+ 3*t^6
12a_641,12,4,3,4,2-6*t+ 10*t^2-12*t^3+ 13*t^4-12*t^5+ 10*t^6-6*t^7+ 2*t^8
12a_642,12,3,3,5,4-14*t+ 25*t^2-29*t^3+ 25*t^4-14*t^5+ 4*t^6
12a_643,12,3,2,5,4-13*t+ 21*t^2-23*t^3+ 21*t^4-13*t^5+ 4*t^6
12a_644,12,2,2,6,8-28*t+ 41*t^2-28*t^3+ 8*t^4
12a_645,12,4,3,4,2-11*t+ 30*t^2-54*t^3+ 65*t^4-54*t^5+ 30*t^6-11*t^7+ 2*t^8
12a_646,12,4,3,4,2-9*t+ 21*t^2-33*t^3+ 39*t^4-33*t^5+ 21*t^6-9*t^7+ 2*t^8
12a_647,12,4,3,4,3-10*t+ 20*t^2-28*t^3+ 31*t^4-28*t^5+ 20*t^6-10*t^7+ 3*t^8
12a_648,12,3,3,5,5-17*t+ 32*t^2-39*t^3+ 32*t^4-17*t^5+ 5*t^6
12a_649,12,4,2,5,1-7*t+ 17*t^2-25*t^3+ 27*t^4-25*t^5+ 17*t^6-7*t^7+ t^8
12a_650,12,3,2,6,2-15*t+ 39*t^2-53*t^3+ 39*t^4-15*t^5+ 2*t^6
12a_651,12,4,2,5,1-7*t+ 15*t^2-17*t^3+ 17*t^4-17*t^5+ 15*t^6-7*t^7+ t^8
12a_652,12,3,2,6,2-15*t+ 37*t^2-47*t^3+ 37*t^4-15*t^5+ 2*t^6
12a_653,12,2,3,6,11-36*t+ 51*t^2-36*t^3+ 11*t^4
12a_654,12,3,3,5,3-17*t+ 38*t^2-49*t^3+ 38*t^4-17*t^5+ 3*t^6
12a_655,12,3,3,5,4-17*t+ 36*t^2-45*t^3+ 36*t^4-17*t^5+ 4*t^6
12a_656,12,3,3,5,4-22*t+ 55*t^2-73*t^3+ 55*t^4-22*t^5+ 4*t^6
12a_657,12,4,3,4,2-9*t+ 22*t^2-36*t^3+ 43*t^4-36*t^5+ 22*t^6-9*t^7+ 2*t^8
12a_658,12,3,3,5,4-18*t+ 38*t^2-47*t^3+ 38*t^4-18*t^5+ 4*t^6
12a_659,12,3,3,5,8-30*t+ 58*t^2-71*t^3+ 58*t^4-30*t^5+ 8*t^6
12a_660,12,4,3,4,2-10*t+ 21*t^2-31*t^3+ 35*t^4-31*t^5+ 21*t^6-10*t^7+ 2*t^8
12a_661,12,3,3,5,4-21*t+ 44*t^2-55*t^3+ 44*t^4-21*t^5+ 4*t^6
12a_662,12,4,3,5,1-8*t+ 27*t^2-52*t^3+ 65*t^4-52*t^5+ 27*t^6-8*t^7+ t^8
12a_663,12,3,3,6,3-17*t+ 41*t^2-53*t^3+ 41*t^4-17*t^5+ 3*t^6
12a_664,12,4,3,5,1-8*t+ 22*t^2-34*t^3+ 39*t^4-34*t^5+ 22*t^6-8*t^7+ t^8
12a_665,12,3,3,6,2-17*t+ 47*t^2-63*t^3+ 47*t^4-17*t^5+ 2*t^6
12a_666,12,3,3,6,3-20*t+ 49*t^2-63*t^3+ 49*t^4-20*t^5+ 3*t^6
12a_667,12,4,3,4,2-7*t+ 15*t^2-23*t^3+ 27*t^4-23*t^5+ 15*t^6-7*t^7+ 2*t^8
12a_668,12,4,3,4,2-9*t+ 23*t^2-38*t^3+ 45*t^4-38*t^5+ 23*t^6-9*t^7+ 2*t^8
12a_669,12,3,3,5,3-9*t+ 14*t^2-15*t^3+ 14*t^4-9*t^5+ 3*t^6
12a_670,12,4,3,4,2-11*t+ 29*t^2-48*t^3+ 57*t^4-48*t^5+ 29*t^6-11*t^7+ 2*t^8
12a_671,12,4,3,4,2-9*t+ 22*t^2-34*t^3+ 39*t^4-34*t^5+ 22*t^6-9*t^7+ 2*t^8
12a_672,12,4,3,4,2-11*t+ 29*t^2-50*t^3+ 59*t^4-50*t^5+ 29*t^6-11*t^7+ 2*t^8
12a_673,12,4,3,5,1-8*t+ 25*t^2-43*t^3+ 49*t^4-43*t^5+ 25*t^6-8*t^7+ t^8
12a_674,12,4,3,5,1-8*t+ 25*t^2-47*t^3+ 59*t^4-47*t^5+ 25*t^6-8*t^7+ t^8
12a_675,12,4,3,4,2-10*t+ 26*t^2-42*t^3+ 49*t^4-42*t^5+ 26*t^6-10*t^7+ 2*t^8
12a_676,12,3,3,5,3-14*t+ 32*t^2-41*t^3+ 32*t^4-14*t^5+ 3*t^6
12a_677,12,3,3,5,4-18*t+ 40*t^2-51*t^3+ 40*t^4-18*t^5+ 4*t^6
12a_678,12,3,3,5,4-19*t+ 41*t^2-51*t^3+ 41*t^4-19*t^5+ 4*t^6
12a_679,12,2,3,6,7-20*t+ 27*t^2-20*t^3+ 7*t^4
12a_680,12,4,3,4,2-10*t+ 24*t^2-40*t^3+ 47*t^4-40*t^5+ 24*t^6-10*t^7+ 2*t^8
12a_681,12,4,3,5,1-7*t+ 18*t^2-29*t^3+ 35*t^4-29*t^5+ 18*t^6-7*t^7+ t^8
12a_682,12,3,2,6,2-12*t+ 25*t^2-29*t^3+ 25*t^4-12*t^5+ 2*t^6
12a_683,12,4,3,5,1-7*t+ 16*t^2-22*t^3+ 25*t^4-22*t^5+ 16*t^6-7*t^7+ t^8
12a_684,12,3,2,6,2-14*t+ 32*t^2-39*t^3+ 32*t^4-14*t^5+ 2*t^6
12a_685,12,3,3,5,4-21*t+ 46*t^2-59*t^3+ 46*t^4-21*t^5+ 4*t^6
12a_686,12,3,3,5,5-23*t+ 47*t^2-59*t^3+ 47*t^4-23*t^5+ 5*t^6
12a_687,12,3,3,6,3-21*t+ 53*t^2-69*t^3+ 53*t^4-21*t^5+ 3*t^6
12a_688,12,4,3,4,2-10*t+ 26*t^2-42*t^3+ 49*t^4-42*t^5+ 26*t^6-10*t^7+ 2*t^8
12a_689,12,3,3,6,2-13*t+ 29*t^2-35*t^3+ 29*t^4-13*t^5+ 2*t^6
12a_690,12,2,2,7,4-22*t+ 37*t^2-22*t^3+ 4*t^4
12a_691,12,2,2,7,3-19*t+ 33*t^2-19*t^3+ 3*t^4
12a_692,12,4,4,4,2-8*t+ 19*t^2-30*t^3+ 35*t^4-30*t^5+ 19*t^6-8*t^7+ 2*t^8
12a_693,12,4,4,5,1-7*t+ 18*t^2-28*t^3+ 33*t^4-28*t^5+ 18*t^6-7*t^7+ t^8
12a_694,12,4,4,5,2-10*t+ 21*t^2-30*t^3+ 33*t^4-30*t^5+ 21*t^6-10*t^7+ 2*t^8
12a_695,12,4,3,5,1-8*t+ 29*t^2-61*t^3+ 77*t^4-61*t^5+ 29*t^6-8*t^7+ t^8
12a_696,12,4,3,5,1-8*t+ 29*t^2-61*t^3+ 79*t^4-61*t^5+ 29*t^6-8*t^7+ t^8
12a_697,12,4,3,5,1-9*t+ 33*t^2-66*t^3+ 83*t^4-66*t^5+ 33*t^6-9*t^7+ t^8
12a_698,12,4,3,5,1-8*t+ 28*t^2-55*t^3+ 67*t^4-55*t^5+ 28*t^6-8*t^7+ t^8
12a_699,12,4,3,5,1-8*t+ 28*t^2-57*t^3+ 73*t^4-57*t^5+ 28*t^6-8*t^7+ t^8
12a_700,12,4,3,5,1-7*t+ 26*t^2-56*t^3+ 73*t^4-56*t^5+ 26*t^6-7*t^7+ t^8
12a_701,12,4,3,4,2-10*t+ 27*t^2-46*t^3+ 55*t^4-46*t^5+ 27*t^6-10*t^7+ 2*t^8
12a_702,12,4,3,5,1-7*t+ 20*t^2-34*t^3+ 41*t^4-34*t^5+ 20*t^6-7*t^7+ t^8
12a_703,12,4,3,5,1-9*t+ 32*t^2-64*t^3+ 79*t^4-64*t^5+ 32*t^6-9*t^7+ t^8
12a_704,12,4,3,5,1-8*t+ 24*t^2-43*t^3+ 51*t^4-43*t^5+ 24*t^6-8*t^7+ t^8
12a_705,12,4,3,5,1-9*t+ 33*t^2-68*t^3+ 87*t^4-68*t^5+ 33*t^6-9*t^7+ t^8
12a_706,12,4,3,5,1-7*t+ 24*t^2-46*t^3+ 57*t^4-46*t^5+ 24*t^6-7*t^7+ t^8
12a_707,12,4,3,5,1-8*t+ 29*t^2-59*t^3+ 75*t^4-59*t^5+ 29*t^6-8*t^7+ t^8
12a_708,12,4,3,5,1-7*t+ 22*t^2-42*t^3+ 51*t^4-42*t^5+ 22*t^6-7*t^7+ t^8
12a_709,12,4,3,5,1-8*t+ 28*t^2-57*t^3+ 71*t^4-57*t^5+ 28*t^6-8*t^7+ t^8
12a_710,12,4,3,5,1-9*t+ 33*t^2-66*t^3+ 81*t^4-66*t^5+ 33*t^6-9*t^7+ t^8
12a_711,12,4,3,5,1-8*t+ 27*t^2-53*t^3+ 65*t^4-53*t^5+ 27*t^6-8*t^7+ t^8
12a_712,12,4,3,5,1-9*t+ 34*t^2-70*t^3+ 87*t^4-70*t^5+ 34*t^6-9*t^7+ t^8
12a_713,12,4,2,4,2-8*t+ 17*t^2-27*t^3+ 31*t^4-27*t^5+ 17*t^6-8*t^7+ 2*t^8
12a_714,12,4,2,4,2-8*t+ 15*t^2-19*t^3+ 19*t^4-19*t^5+ 15*t^6-8*t^7+ 2*t^8
12a_715,12,3,2,5,4-18*t+ 38*t^2-49*t^3+ 38*t^4-18*t^5+ 4*t^6
12a_716,12,5,2,3,1-3*t+ 5*t^2-5*t^3+ 5*t^4-5*t^5+ 5*t^6-5*t^7+ 5*t^8-3*t^9+ t^10
12a_717,12,4,2,4,2-7*t+ 13*t^2-15*t^3+ 15*t^4-15*t^5+ 13*t^6-7*t^7+ 2*t^8
12a_718,12,4,2,4,2-8*t+ 18*t^2-27*t^3+ 31*t^4-27*t^5+ 18*t^6-8*t^7+ 2*t^8
12a_719,12,3,3,5,4-16*t+ 33*t^2-41*t^3+ 33*t^4-16*t^5+ 4*t^6
12a_720,12,4,2,4,2-8*t+ 16*t^2-20*t^3+ 21*t^4-20*t^5+ 16*t^6-8*t^7+ 2*t^8
12a_721,12,3,2,5,4-18*t+ 39*t^2-49*t^3+ 39*t^4-18*t^5+ 4*t^6
12a_722,12,5,2,3,1-3*t+ 3*t^2-3*t^3+ 3*t^4-3*t^5+ 3*t^6-3*t^7+ 3*t^8-3*t^9+ t^10
12a_723,12,4,2,4,2-7*t+ 9*t^2-9*t^3+ 9*t^4-9*t^5+ 9*t^6-7*t^7+ 2*t^8
12a_724,12,4,2,4,2-8*t+ 14*t^2-19*t^3+ 21*t^4-19*t^5+ 14*t^6-8*t^7+ 2*t^8
12a_725,12,3,3,5,4-16*t+ 25*t^2-27*t^3+ 25*t^4-16*t^5+ 4*t^6
12a_726,12,4,2,4,2-8*t+ 14*t^2-18*t^3+ 19*t^4-18*t^5+ 14*t^6-8*t^7+ 2*t^8
12a_727,12,3,2,5,4-18*t+ 35*t^2-43*t^3+ 35*t^4-18*t^5+ 4*t^6
12a_728,12,4,2,4,2-8*t+ 17*t^2-25*t^3+ 29*t^4-25*t^5+ 17*t^6-8*t^7+ 2*t^8
12a_729,12,3,2,5,4-18*t+ 38*t^2-47*t^3+ 38*t^4-18*t^5+ 4*t^6
12a_730,12,3,3,5,4-18*t+ 34*t^2-41*t^3+ 34*t^4-18*t^5+ 4*t^6
12a_731,12,3,2,5,4-14*t+ 22*t^2-25*t^3+ 22*t^4-14*t^5+ 4*t^6
12a_732,12,3,2,5,3-11*t+ 21*t^2-25*t^3+ 21*t^4-11*t^5+ 3*t^6
12a_733,12,3,2,5,3-11*t+ 15*t^2-15*t^3+ 15*t^4-11*t^5+ 3*t^6
12a_734,12,4,3,4,2-10*t+ 26*t^2-46*t^3+ 55*t^4-46*t^5+ 26*t^6-10*t^7+ 2*t^8
12a_735,12,2,3,6,6-25*t+ 37*t^2-25*t^3+ 6*t^4
12a_736,12,3,2,5,4-16*t+ 31*t^2-39*t^3+ 31*t^4-16*t^5+ 4*t^6
12a_737,12,4,3,4,2-9*t+ 21*t^2-32*t^3+ 37*t^4-32*t^5+ 21*t^6-9*t^7+ 2*t^8
12a_738,12,3,2,5,3-13*t+ 27*t^2-33*t^3+ 27*t^4-13*t^5+ 3*t^6
12a_739,12,4,3,4,2-9*t+ 19*t^2-28*t^3+ 31*t^4-28*t^5+ 19*t^6-9*t^7+ 2*t^8
12a_740,12,3,2,5,3-13*t+ 25*t^2-31*t^3+ 25*t^4-13*t^5+ 3*t^6
12a_741,12,3,3,5,5-25*t+ 54*t^2-69*t^3+ 54*t^4-25*t^5+ 5*t^6
12a_742,12,4,3,4,2-8*t+ 17*t^2-26*t^3+ 29*t^4-26*t^5+ 17*t^6-8*t^7+ 2*t^8
12a_743,12,2,2,6,6-20*t+ 27*t^2-20*t^3+ 6*t^4
12a_744,12,2,2,6,4-15*t+ 23*t^2-15*t^3+ 4*t^4
12a_745,12,2,2,6,4-15*t+ 21*t^2-15*t^3+ 4*t^4
12a_746,12,4,3,4,2-10*t+ 26*t^2-44*t^3+ 53*t^4-44*t^5+ 26*t^6-10*t^7+ 2*t^8
12a_747,12,4,3,5,1-8*t+ 25*t^2-45*t^3+ 53*t^4-45*t^5+ 25*t^6-8*t^7+ t^8
12a_748,12,3,3,5,4-16*t+ 30*t^2-37*t^3+ 30*t^4-16*t^5+ 4*t^6
12a_749,12,3,3,5,4-16*t+ 32*t^2-39*t^3+ 32*t^4-16*t^5+ 4*t^6
12a_750,12,2,4,6,8-34*t+ 51*t^2-34*t^3+ 8*t^4
12a_751,12,3,3,6,2-14*t+ 38*t^2-53*t^3+ 38*t^4-14*t^5+ 2*t^6
12a_752,12,2,3,6,8-29*t+ 41*t^2-29*t^3+ 8*t^4
12a_753,12,2,3,6,6-21*t+ 31*t^2-21*t^3+ 6*t^4
12a_754,12,4,3,5,1-9*t+ 30*t^2-57*t^3+ 69*t^4-57*t^5+ 30*t^6-9*t^7+ t^8
12a_755,12,4,3,4,2-11*t+ 31*t^2-57*t^3+ 69*t^4-57*t^5+ 31*t^6-11*t^7+ 2*t^8
12a_756,12,4,3,5,1-8*t+ 23*t^2-39*t^3+ 45*t^4-39*t^5+ 23*t^6-8*t^7+ t^8
12a_757,12,4,3,4,2-9*t+ 20*t^2-32*t^3+ 37*t^4-32*t^5+ 20*t^6-9*t^7+ 2*t^8
12a_758,12,3,2,5,3-13*t+ 25*t^2-31*t^3+ 25*t^4-13*t^5+ 3*t^6
12a_759,12,4,2,4,2-6*t+ 9*t^2-9*t^3+ 9*t^4-9*t^5+ 9*t^6-6*t^7+ 2*t^8
12a_760,12,3,2,5,4-14*t+ 24*t^2-27*t^3+ 24*t^4-14*t^5+ 4*t^6
12a_761,12,3,2,5,4-16*t+ 31*t^2-37*t^3+ 31*t^4-16*t^5+ 4*t^6
12a_762,12,4,2,4,2-6*t+ 7*t^2-7*t^3+ 7*t^4-7*t^5+ 7*t^6-6*t^7+ 2*t^8
12a_763,12,3,2,5,4-14*t+ 20*t^2-21*t^3+ 20*t^4-14*t^5+ 4*t^6
12a_764,12,3,2,5,4-16*t+ 29*t^2-35*t^3+ 29*t^4-16*t^5+ 4*t^6
12a_765,12,4,3,5,1-9*t+ 31*t^2-60*t^3+ 75*t^4-60*t^5+ 31*t^6-9*t^7+ t^8
12a_766,12,4,3,5,1-8*t+ 25*t^2-45*t^3+ 55*t^4-45*t^5+ 25*t^6-8*t^7+ t^8
12a_767,12,2,3,6,8-31*t+ 45*t^2-31*t^3+ 8*t^4
12a_768,12,4,3,5,1-8*t+ 23*t^2-38*t^3+ 43*t^4-38*t^5+ 23*t^6-8*t^7+ t^8
12a_769,12,3,3,6,2-16*t+ 45*t^2-63*t^3+ 45*t^4-16*t^5+ 2*t^6
12a_770,12,3,3,6,2-17*t+ 48*t^2-65*t^3+ 48*t^4-17*t^5+ 2*t^6
12a_771,12,3,3,5,5-23*t+ 50*t^2-63*t^3+ 50*t^4-23*t^5+ 5*t^6
12a_772,12,3,3,5,4-16*t+ 28*t^2-33*t^3+ 28*t^4-16*t^5+ 4*t^6
12a_773,12,2,2,6,6-23*t+ 33*t^2-23*t^3+ 6*t^4
12a_774,12,2,2,6,6-22*t+ 33*t^2-22*t^3+ 6*t^4
12a_775,12,2,2,6,6-22*t+ 31*t^2-22*t^3+ 6*t^4
12a_776,12,4,3,5,1-8*t+ 25*t^2-46*t^3+ 55*t^4-46*t^5+ 25*t^6-8*t^7+ t^8
12a_777,12,4,3,5,1-8*t+ 23*t^2-36*t^3+ 41*t^4-36*t^5+ 23*t^6-8*t^7+ t^8
12a_778,12,4,3,5,1-9*t+ 30*t^2-57*t^3+ 71*t^4-57*t^5+ 30*t^6-9*t^7+ t^8
12a_779,12,3,3,6,2-16*t+ 44*t^2-61*t^3+ 44*t^4-16*t^5+ 2*t^6
12a_780,12,3,3,5,5-24*t+ 51*t^2-65*t^3+ 51*t^4-24*t^5+ 5*t^6
12a_781,12,3,3,6,2-14*t+ 37*t^2-51*t^3+ 37*t^4-14*t^5+ 2*t^6
12a_782,12,3,3,6,2-14*t+ 36*t^2-47*t^3+ 36*t^4-14*t^5+ 2*t^6
12a_783,12,3,3,6,2-16*t+ 45*t^2-61*t^3+ 45*t^4-16*t^5+ 2*t^6
12a_784,12,4,3,4,2-9*t+ 23*t^2-39*t^3+ 47*t^4-39*t^5+ 23*t^6-9*t^7+ 2*t^8
12a_785,12,4,3,5,1-9*t+ 32*t^2-62*t^3+ 77*t^4-62*t^5+ 32*t^6-9*t^7+ t^8
12a_786,12,3,3,6,2-15*t+ 40*t^2-55*t^3+ 40*t^4-15*t^5+ 2*t^6
12a_787,12,2,3,6,8-29*t+ 43*t^2-29*t^3+ 8*t^4
12a_788,12,4,3,5,1-8*t+ 31*t^2-67*t^3+ 85*t^4-67*t^5+ 31*t^6-8*t^7+ t^8
12a_789,12,4,3,4,2-7*t+ 14*t^2-20*t^3+ 23*t^4-20*t^5+ 14*t^6-7*t^7+ 2*t^8
12a_790,12,3,3,5,4-16*t+ 32*t^2-39*t^3+ 32*t^4-16*t^5+ 4*t^6
12a_791,12,3,2,5,3-9*t+ 13*t^2-13*t^3+ 13*t^4-9*t^5+ 3*t^6
12a_792,12,2,2,6,6-21*t+ 31*t^2-21*t^3+ 6*t^4
12a_793,12,4,3,5,1-9*t+ 32*t^2-62*t^3+ 77*t^4-62*t^5+ 32*t^6-9*t^7+ t^8
12a_794,12,4,3,4,2-7*t+ 12*t^2-16*t^3+ 17*t^4-16*t^5+ 12*t^6-7*t^7+ 2*t^8
12a_795,12,3,3,5,4-16*t+ 30*t^2-37*t^3+ 30*t^4-16*t^5+ 4*t^6
12a_796,12,3,2,5,3-9*t+ 11*t^2-11*t^3+ 11*t^4-9*t^5+ 3*t^6
12a_797,12,2,2,6,6-21*t+ 29*t^2-21*t^3+ 6*t^4
12a_798,12,3,3,5,5-23*t+ 48*t^2-61*t^3+ 48*t^4-23*t^5+ 5*t^6
12a_799,12,3,3,6,2-15*t+ 42*t^2-57*t^3+ 42*t^4-15*t^5+ 2*t^6
12a_800,12,3,3,5,3-11*t+ 20*t^2-25*t^3+ 20*t^4-11*t^5+ 3*t^6
12a_801,12,4,4,4,2-8*t+ 17*t^2-26*t^3+ 29*t^4-26*t^5+ 17*t^6-8*t^7+ 2*t^8
12a_802,12,2,2,6,4-12*t+ 15*t^2-12*t^3+ 4*t^4
12a_803,12,1,2,7,5-11*t+ 5*t^2
12a_804,12,4,3,5,2-12*t+ 32*t^2-50*t^3+ 57*t^4-50*t^5+ 32*t^6-12*t^7+ 2*t^8
12a_805,12,5,3,3,1-5*t+ 11*t^2-17*t^3+ 20*t^4-21*t^5+ 20*t^6-17*t^7+ 11*t^8-5*t^9+ t^10
12a_806,12,4,3,4,2-11*t+ 27*t^2-44*t^3+ 51*t^4-44*t^5+ 27*t^6-11*t^7+ 2*t^8
12a_807,12,4,3,4,2-11*t+ 28*t^2-47*t^3+ 55*t^4-47*t^5+ 28*t^6-11*t^7+ 2*t^8
12a_808,12,3,3,5,3-15*t+ 32*t^2-41*t^3+ 32*t^4-15*t^5+ 3*t^6
12a_809,12,4,3,4,2-11*t+ 27*t^2-39*t^3+ 43*t^4-39*t^5+ 27*t^6-11*t^7+ 2*t^8
12a_810,12,3,3,5,4-23*t+ 57*t^2-75*t^3+ 57*t^4-23*t^5+ 4*t^6
12a_811,12,4,3,4,3-10*t+ 19*t^2-26*t^3+ 29*t^4-26*t^5+ 19*t^6-10*t^7+ 3*t^8
12a_812,12,3,3,5,5-23*t+ 45*t^2-55*t^3+ 45*t^4-23*t^5+ 5*t^6
12a_813,12,4,3,4,3-9*t+ 16*t^2-22*t^3+ 25*t^4-22*t^5+ 16*t^6-9*t^7+ 3*t^8
12a_814,12,3,3,5,6-20*t+ 34*t^2-39*t^3+ 34*t^4-20*t^5+ 6*t^6
12a_815,12,5,3,3,1-3*t+ 7*t^2-12*t^3+ 16*t^4-17*t^5+ 16*t^6-12*t^7+ 7*t^8-3*t^9+ t^10
12a_816,12,4,3,4,2-7*t+ 17*t^2-30*t^3+ 37*t^4-30*t^5+ 17*t^6-7*t^7+ 2*t^8
12a_817,12,4,3,4,3-10*t+ 19*t^2-26*t^3+ 29*t^4-26*t^5+ 19*t^6-10*t^7+ 3*t^8
12a_818,12,4,3,5,1-7*t+ 23*t^2-42*t^3+ 49*t^4-42*t^5+ 23*t^6-7*t^7+ t^8
12a_819,12,5,3,3,1-5*t+ 12*t^2-21*t^3+ 29*t^4-33*t^5+ 29*t^6-21*t^7+ 12*t^8-5*t^9+ t^10
12a_820,12,4,3,4,2-10*t+ 23*t^2-35*t^3+ 39*t^4-35*t^5+ 23*t^6-10*t^7+ 2*t^8
12a_821,12,3,3,5,4-20*t+ 44*t^2-57*t^3+ 44*t^4-20*t^5+ 4*t^6
12a_822,12,4,3,4,2-8*t+ 15*t^2-22*t^3+ 25*t^4-22*t^5+ 15*t^6-8*t^7+ 2*t^8
12a_823,12,3,3,5,4-17*t+ 31*t^2-37*t^3+ 31*t^4-17*t^5+ 4*t^6
12a_824,12,5,3,3,1-3*t+ 7*t^2-13*t^3+ 19*t^4-21*t^5+ 19*t^6-13*t^7+ 7*t^8-3*t^9+ t^10
12a_825,12,4,3,4,2-7*t+ 16*t^2-27*t^3+ 33*t^4-27*t^5+ 16*t^6-7*t^7+ 2*t^8
12a_826,12,4,3,4,2-6*t+ 11*t^2-16*t^3+ 19*t^4-16*t^5+ 11*t^6-6*t^7+ 2*t^8
12a_827,12,3,3,5,4-13*t+ 21*t^2-23*t^3+ 21*t^4-13*t^5+ 4*t^6
12a_828,12,3,3,5,7-24*t+ 42*t^2-49*t^3+ 42*t^4-24*t^5+ 7*t^6
12a_829,12,4,3,5,2-11*t+ 25*t^2-37*t^3+ 41*t^4-37*t^5+ 25*t^6-11*t^7+ 2*t^8
12a_830,12,4,3,4,2-9*t+ 24*t^2-42*t^3+ 51*t^4-42*t^5+ 24*t^6-9*t^7+ 2*t^8
12a_831,12,4,3,4,2-9*t+ 24*t^2-42*t^3+ 51*t^4-42*t^5+ 24*t^6-9*t^7+ 2*t^8
12a_832,12,4,3,5,2-11*t+ 25*t^2-37*t^3+ 41*t^4-37*t^5+ 25*t^6-11*t^7+ 2*t^8
12a_833,12,4,3,4,2-9*t+ 19*t^2-29*t^3+ 33*t^4-29*t^5+ 19*t^6-9*t^7+ 2*t^8
12a_834,12,3,3,5,4-19*t+ 39*t^2-49*t^3+ 39*t^4-19*t^5+ 4*t^6
12a_835,12,5,3,3,1-3*t+ 6*t^2-9*t^3+ 11*t^4-11*t^5+ 11*t^6-9*t^7+ 6*t^8-3*t^9+ t^10
12a_836,12,4,3,4,2-7*t+ 15*t^2-24*t^3+ 29*t^4-24*t^5+ 15*t^6-7*t^7+ 2*t^8
12a_837,12,4,3,4,2-8*t+ 18*t^2-28*t^3+ 33*t^4-28*t^5+ 18*t^6-8*t^7+ 2*t^8
12a_838,12,5,3,3,1-3*t+ 4*t^2-5*t^3+ 5*t^4-5*t^5+ 5*t^6-5*t^7+ 4*t^8-3*t^9+ t^10
12a_839,12,4,3,4,2-7*t+ 11*t^2-14*t^3+ 15*t^4-14*t^5+ 11*t^6-7*t^7+ 2*t^8
12a_840,12,4,3,4,2-8*t+ 16*t^2-24*t^3+ 27*t^4-24*t^5+ 16*t^6-8*t^7+ 2*t^8
12a_841,12,3,3,5,4-16*t+ 28*t^2-33*t^3+ 28*t^4-16*t^5+ 4*t^6
12a_842,12,3,3,5,3-11*t+ 20*t^2-23*t^3+ 20*t^4-11*t^5+ 3*t^6
12a_843,12,3,3,5,3-11*t+ 18*t^2-21*t^3+ 18*t^4-11*t^5+ 3*t^6
12a_844,12,4,3,5,1-8*t+ 24*t^2-43*t^3+ 51*t^4-43*t^5+ 24*t^6-8*t^7+ t^8
12a_845,12,3,3,5,4-14*t+ 24*t^2-27*t^3+ 24*t^4-14*t^5+ 4*t^6
12a_846,12,4,3,5,1-8*t+ 24*t^2-43*t^3+ 51*t^4-43*t^5+ 24*t^6-8*t^7+ t^8
12a_847,12,4,3,5,1-8*t+ 24*t^2-39*t^3+ 45*t^4-39*t^5+ 24*t^6-8*t^7+ t^8
12a_848,12,4,3,4,2-9*t+ 21*t^2-31*t^3+ 35*t^4-31*t^5+ 21*t^6-9*t^7+ 2*t^8
12a_849,12,3,3,5,4-19*t+ 43*t^2-55*t^3+ 43*t^4-19*t^5+ 4*t^6
12a_850,12,5,3,3,1-4*t+ 8*t^2-12*t^3+ 13*t^4-13*t^5+ 13*t^6-12*t^7+ 8*t^8-4*t^9+ t^10
12a_851,12,4,3,4,2-9*t+ 20*t^2-32*t^3+ 37*t^4-32*t^5+ 20*t^6-9*t^7+ 2*t^8
12a_852,12,4,3,4,2-10*t+ 25*t^2-42*t^3+ 49*t^4-42*t^5+ 25*t^6-10*t^7+ 2*t^8
12a_853,12,3,3,5,4-19*t+ 40*t^2-51*t^3+ 40*t^4-19*t^5+ 4*t^6
12a_854,12,3,3,5,3-14*t+ 30*t^2-39*t^3+ 30*t^4-14*t^5+ 3*t^6
12a_855,12,4,3,4,2-10*t+ 23*t^2-33*t^3+ 35*t^4-33*t^5+ 23*t^6-10*t^7+ 2*t^8
12a_856,12,3,3,5,4-22*t+ 54*t^2-73*t^3+ 54*t^4-22*t^5+ 4*t^6
12a_857,12,4,3,4,2-11*t+ 29*t^2-49*t^3+ 57*t^4-49*t^5+ 29*t^6-11*t^7+ 2*t^8
12a_858,12,3,3,5,3-16*t+ 38*t^2-51*t^3+ 38*t^4-16*t^5+ 3*t^6
12a_859,12,5,3,3,1-4*t+ 8*t^2-10*t^3+ 11*t^4-11*t^5+ 11*t^6-10*t^7+ 8*t^8-4*t^9+ t^10
12a_860,12,4,3,4,2-9*t+ 20*t^2-28*t^3+ 31*t^4-28*t^5+ 20*t^6-9*t^7+ 2*t^8
12a_861,12,4,3,4,2-10*t+ 25*t^2-40*t^3+ 47*t^4-40*t^5+ 25*t^6-10*t^7+ 2*t^8
12a_862,12,3,3,5,4-19*t+ 42*t^2-53*t^3+ 42*t^4-19*t^5+ 4*t^6
12a_863,12,3,3,5,3-14*t+ 30*t^2-37*t^3+ 30*t^4-14*t^5+ 3*t^6
12a_864,12,5,3,3,1-5*t+ 12*t^2-20*t^3+ 27*t^4-29*t^5+ 27*t^6-20*t^7+ 12*t^8-5*t^9+ t^10
12a_865,12,4,3,4,2-11*t+ 28*t^2-46*t^3+ 55*t^4-46*t^5+ 28*t^6-11*t^7+ 2*t^8
12a_866,12,4,3,4,2-12*t+ 34*t^2-62*t^3+ 75*t^4-62*t^5+ 34*t^6-12*t^7+ 2*t^8
12a_867,12,4,3,5,1-9*t+ 34*t^2-69*t^3+ 87*t^4-69*t^5+ 34*t^6-9*t^7+ t^8
12a_868,12,4,3,5,1-10*t+ 39*t^2-84*t^3+ 109*t^4-84*t^5+ 39*t^6-10*t^7+ t^8
12a_869,12,5,3,3,1-5*t+ 12*t^2-21*t^3+ 27*t^4-29*t^5+ 27*t^6-21*t^7+ 12*t^8-5*t^9+ t^10
12a_870,12,4,3,4,2-10*t+ 23*t^2-37*t^3+ 43*t^4-37*t^5+ 23*t^6-10*t^7+ 2*t^8
12a_871,12,4,3,4,2-11*t+ 27*t^2-45*t^3+ 53*t^4-45*t^5+ 27*t^6-11*t^7+ 2*t^8
12a_872,12,3,3,5,4-21*t+ 45*t^2-57*t^3+ 45*t^4-21*t^5+ 4*t^6
12a_873,12,3,3,5,5-22*t+ 42*t^2-51*t^3+ 42*t^4-22*t^5+ 5*t^6
12a_874,12,4,3,4,2-12*t+ 33*t^2-59*t^3+ 71*t^4-59*t^5+ 33*t^6-12*t^7+ 2*t^8
12a_875,12,3,3,5,5-29*t+ 72*t^2-95*t^3+ 72*t^4-29*t^5+ 5*t^6
12a_876,12,4,3,4,3-8*t+ 13*t^2-18*t^3+ 21*t^4-18*t^5+ 13*t^6-8*t^7+ 3*t^8
12a_877,12,3,3,5,6-18*t+ 27*t^2-29*t^3+ 27*t^4-18*t^5+ 6*t^6
12a_878,12,5,3,3,1-3*t+ 6*t^2-9*t^3+ 12*t^4-13*t^5+ 12*t^6-9*t^7+ 6*t^8-3*t^9+ t^10
12a_879,12,4,3,4,2-7*t+ 15*t^2-23*t^3+ 27*t^4-23*t^5+ 15*t^6-7*t^7+ 2*t^8
12a_880,12,2,3,6,12-40*t+ 57*t^2-40*t^3+ 12*t^4
12a_881,12,4,3,4,2-7*t+ 13*t^2-15*t^3+ 15*t^4-15*t^5+ 13*t^6-7*t^7+ 2*t^8
12a_882,12,3,3,5,4-16*t+ 33*t^2-41*t^3+ 33*t^4-16*t^5+ 4*t^6
12a_883,12,3,3,5,4-20*t+ 42*t^2-53*t^3+ 42*t^4-20*t^5+ 4*t^6
12a_884,12,4,3,5,1-9*t+ 33*t^2-66*t^3+ 81*t^4-66*t^5+ 33*t^6-9*t^7+ t^8
12a_885,12,4,3,5,1-9*t+ 32*t^2-63*t^3+ 77*t^4-63*t^5+ 32*t^6-9*t^7+ t^8
12a_886,12,4,3,5,1-7*t+ 24*t^2-45*t^3+ 53*t^4-45*t^5+ 24*t^6-7*t^7+ t^8
12a_887,12,4,3,5,1-9*t+ 32*t^2-63*t^3+ 79*t^4-63*t^5+ 32*t^6-9*t^7+ t^8
12a_888,12,4,3,5,1-9*t+ 33*t^2-67*t^3+ 83*t^4-67*t^5+ 33*t^6-9*t^7+ t^8
12a_889,12,4,3,4,2-10*t+ 22*t^2-32*t^3+ 35*t^4-32*t^5+ 22*t^6-10*t^7+ 2*t^8
12a_890,12,3,3,5,4-21*t+ 47*t^2-61*t^3+ 47*t^4-21*t^5+ 4*t^6
12a_891,12,4,3,4,2-11*t+ 29*t^2-47*t^3+ 55*t^4-47*t^5+ 29*t^6-11*t^7+ 2*t^8
12a_892,12,3,3,5,4-22*t+ 53*t^2-69*t^3+ 53*t^4-22*t^5+ 4*t^6
12a_893,12,4,3,5,1-9*t+ 33*t^2-68*t^3+ 87*t^4-68*t^5+ 33*t^6-9*t^7+ t^8
12a_894,12,4,3,4,2-12*t+ 33*t^2-56*t^3+ 67*t^4-56*t^5+ 33*t^6-12*t^7+ 2*t^8
12a_895,12,4,3,4,2-10*t+ 27*t^2-51*t^3+ 63*t^4-51*t^5+ 27*t^6-10*t^7+ 2*t^8
12a_896,12,4,3,4,2-11*t+ 26*t^2-40*t^3+ 45*t^4-40*t^5+ 26*t^6-11*t^7+ 2*t^8
12a_897,12,3,3,5,4-22*t+ 50*t^2-65*t^3+ 50*t^4-22*t^5+ 4*t^6
12a_898,12,5,3,3,1-4*t+ 11*t^2-21*t^3+ 30*t^4-33*t^5+ 30*t^6-21*t^7+ 11*t^8-4*t^9+ t^10
12a_899,12,4,3,4,2-8*t+ 20*t^2-35*t^3+ 43*t^4-35*t^5+ 20*t^6-8*t^7+ 2*t^8
12a_900,12,3,3,5,8-29*t+ 54*t^2-65*t^3+ 54*t^4-29*t^5+ 8*t^6
12a_901,12,4,3,5,1-9*t+ 27*t^2-47*t^3+ 55*t^4-47*t^5+ 27*t^6-9*t^7+ t^8
12a_902,12,3,3,6,2-18*t+ 51*t^2-71*t^3+ 51*t^4-18*t^5+ 2*t^6
12a_903,12,3,3,5,5-26*t+ 57*t^2-73*t^3+ 57*t^4-26*t^5+ 5*t^6
12a_904,12,4,3,4,2-10*t+ 23*t^2-36*t^3+ 41*t^4-36*t^5+ 23*t^6-10*t^7+ 2*t^8
12a_905,12,3,3,5,4-20*t+ 43*t^2-55*t^3+ 43*t^4-20*t^5+ 4*t^6
12a_906,12,4,3,5,1-8*t+ 26*t^2-53*t^3+ 69*t^4-53*t^5+ 26*t^6-8*t^7+ t^8
12a_907,12,4,3,4,2-11*t+ 29*t^2-45*t^3+ 51*t^4-45*t^5+ 29*t^6-11*t^7+ 2*t^8
12a_908,12,3,3,5,4-22*t+ 55*t^2-73*t^3+ 55*t^4-22*t^5+ 4*t^6
12a_909,12,5,3,3,1-4*t+ 9*t^2-14*t^3+ 16*t^4-17*t^5+ 16*t^6-14*t^7+ 9*t^8-4*t^9+ t^10
12a_910,12,4,3,4,2-9*t+ 22*t^2-36*t^3+ 41*t^4-36*t^5+ 22*t^6-9*t^7+ 2*t^8
12a_911,12,4,3,4,2-9*t+ 23*t^2-39*t^3+ 45*t^4-39*t^5+ 23*t^6-9*t^7+ 2*t^8
12a_912,12,3,3,5,3-12*t+ 26*t^2-35*t^3+ 26*t^4-12*t^5+ 3*t^6
12a_913,12,4,3,5,1-7*t+ 24*t^2-48*t^3+ 59*t^4-48*t^5+ 24*t^6-7*t^7+ t^8
12a_914,12,3,3,5,5-25*t+ 59*t^2-77*t^3+ 59*t^4-25*t^5+ 5*t^6
12a_915,12,3,3,6,3-23*t+ 65*t^2-89*t^3+ 65*t^4-23*t^5+ 3*t^6
12a_916,12,5,3,3,1-4*t+ 10*t^2-18*t^3+ 26*t^4-29*t^5+ 26*t^6-18*t^7+ 10*t^8-4*t^9+ t^10
12a_917,12,4,3,4,2-9*t+ 23*t^2-39*t^3+ 47*t^4-39*t^5+ 23*t^6-9*t^7+ 2*t^8
12a_918,12,4,3,5,1-9*t+ 29*t^2-53*t^3+ 63*t^4-53*t^5+ 29*t^6-9*t^7+ t^8
12a_919,12,3,3,6,2-16*t+ 45*t^2-63*t^3+ 45*t^4-16*t^5+ 2*t^6
12a_920,12,5,3,3,1-4*t+ 9*t^2-16*t^3+ 21*t^4-23*t^5+ 21*t^6-16*t^7+ 9*t^8-4*t^9+ t^10
12a_921,12,4,3,4,2-9*t+ 21*t^2-35*t^3+ 41*t^4-35*t^5+ 21*t^6-9*t^7+ 2*t^8
12a_922,12,4,3,4,2-11*t+ 32*t^2-60*t^3+ 73*t^4-60*t^5+ 32*t^6-11*t^7+ 2*t^8
12a_923,12,4,3,4,2-9*t+ 18*t^2-25*t^3+ 27*t^4-25*t^5+ 18*t^6-9*t^7+ 2*t^8
12a_924,12,3,3,5,4-20*t+ 43*t^2-55*t^3+ 43*t^4-20*t^5+ 4*t^6
12a_925,12,4,3,4,2-10*t+ 28*t^2-51*t^3+ 63*t^4-51*t^5+ 28*t^6-10*t^7+ 2*t^8
12a_926,12,4,3,4,2-8*t+ 16*t^2-24*t^3+ 27*t^4-24*t^5+ 16*t^6-8*t^7+ 2*t^8
12a_927,12,3,3,5,4-18*t+ 37*t^2-47*t^3+ 37*t^4-18*t^5+ 4*t^6
12a_928,12,4,3,5,1-8*t+ 31*t^2-69*t^3+ 91*t^4-69*t^5+ 31*t^6-8*t^7+ t^8
12a_929,12,4,3,4,2-10*t+ 25*t^2-41*t^3+ 47*t^4-41*t^5+ 25*t^6-10*t^7+ 2*t^8
12a_930,12,4,3,4,2-9*t+ 19*t^2-28*t^3+ 31*t^4-28*t^5+ 19*t^6-9*t^7+ 2*t^8
12a_931,12,3,3,5,4-19*t+ 40*t^2-51*t^3+ 40*t^4-19*t^5+ 4*t^6
12a_932,12,4,3,5,1-7*t+ 24*t^2-46*t^3+ 55*t^4-46*t^5+ 24*t^6-7*t^7+ t^8
12a_933,12,4,3,5,1-8*t+ 26*t^2-49*t^3+ 59*t^4-49*t^5+ 26*t^6-8*t^7+ t^8
12a_934,12,4,3,4,2-10*t+ 27*t^2-49*t^3+ 59*t^4-49*t^5+ 27*t^6-10*t^7+ 2*t^8
12a_935,12,4,3,5,1-8*t+ 29*t^2-59*t^3+ 75*t^4-59*t^5+ 29*t^6-8*t^7+ t^8
12a_936,12,3,3,5,4-20*t+ 46*t^2-61*t^3+ 46*t^4-20*t^5+ 4*t^6
12a_937,12,4,3,4,2-7*t+ 11*t^2-13*t^3+ 13*t^4-13*t^5+ 11*t^6-7*t^7+ 2*t^8
12a_938,12,3,3,5,4-16*t+ 29*t^2-35*t^3+ 29*t^4-16*t^5+ 4*t^6
12a_939,12,2,3,6,10-40*t+ 59*t^2-40*t^3+ 10*t^4
12a_940,12,3,3,6,2-13*t+ 39*t^2-57*t^3+ 39*t^4-13*t^5+ 2*t^6
12a_941,12,4,3,4,2-8*t+ 17*t^2-26*t^3+ 29*t^4-26*t^5+ 17*t^6-8*t^7+ 2*t^8
12a_942,12,3,3,5,4-18*t+ 39*t^2-51*t^3+ 39*t^4-18*t^5+ 4*t^6
12a_943,12,3,3,5,4-21*t+ 51*t^2-69*t^3+ 51*t^4-21*t^5+ 4*t^6
12a_944,12,4,3,4,2-9*t+ 21*t^2-32*t^3+ 37*t^4-32*t^5+ 21*t^6-9*t^7+ 2*t^8
12a_945,12,3,3,5,4-20*t+ 46*t^2-59*t^3+ 46*t^4-20*t^5+ 4*t^6
12a_946,12,4,3,4,2-9*t+ 19*t^2-29*t^3+ 33*t^4-29*t^5+ 19*t^6-9*t^7+ 2*t^8
12a_947,12,3,3,5,4-18*t+ 35*t^2-43*t^3+ 35*t^4-18*t^5+ 4*t^6
12a_948,12,4,3,5,1-9*t+ 29*t^2-54*t^3+ 65*t^4-54*t^5+ 29*t^6-9*t^7+ t^8
12a_949,12,4,3,4,2-10*t+ 25*t^2-42*t^3+ 49*t^4-42*t^5+ 25*t^6-10*t^7+ 2*t^8
12a_950,12,3,3,5,4-20*t+ 45*t^2-59*t^3+ 45*t^4-20*t^5+ 4*t^6
12a_951,12,4,3,5,1-9*t+ 32*t^2-65*t^3+ 81*t^4-65*t^5+ 32*t^6-9*t^7+ t^8
12a_952,12,4,3,4,2-9*t+ 17*t^2-22*t^3+ 23*t^4-22*t^5+ 17*t^6-9*t^7+ 2*t^8
12a_953,12,3,3,5,4-20*t+ 42*t^2-53*t^3+ 42*t^4-20*t^5+ 4*t^6
12a_954,12,4,3,4,2-10*t+ 25*t^2-43*t^3+ 51*t^4-43*t^5+ 25*t^6-10*t^7+ 2*t^8
12a_955,12,3,3,5,4-20*t+ 44*t^2-57*t^3+ 44*t^4-20*t^5+ 4*t^6
12a_956,12,4,3,4,2-10*t+ 26*t^2-42*t^3+ 49*t^4-42*t^5+ 26*t^6-10*t^7+ 2*t^8
12a_957,12,3,3,5,4-20*t+ 47*t^2-61*t^3+ 47*t^4-20*t^5+ 4*t^6
12a_958,12,4,3,4,2-10*t+ 25*t^2-39*t^3+ 45*t^4-39*t^5+ 25*t^6-10*t^7+ 2*t^8
12a_959,12,3,3,5,4-21*t+ 50*t^2-65*t^3+ 50*t^4-21*t^5+ 4*t^6
12a_960,12,3,3,5,4-25*t+ 66*t^2-91*t^3+ 66*t^4-25*t^5+ 4*t^6
12a_961,12,4,3,5,1-9*t+ 31*t^2-60*t^3+ 75*t^4-60*t^5+ 31*t^6-9*t^7+ t^8
12a_962,12,4,3,5,1-9*t+ 28*t^2-51*t^3+ 61*t^4-51*t^5+ 28*t^6-9*t^7+ t^8
12a_963,12,3,3,5,5-24*t+ 50*t^2-63*t^3+ 50*t^4-24*t^5+ 5*t^6
12a_964,12,4,3,5,1-9*t+ 30*t^2-55*t^3+ 65*t^4-55*t^5+ 30*t^6-9*t^7+ t^8
12a_965,12,4,3,5,1-9*t+ 32*t^2-65*t^3+ 83*t^4-65*t^5+ 32*t^6-9*t^7+ t^8
12a_966,12,4,3,4,2-10*t+ 26*t^2-44*t^3+ 53*t^4-44*t^5+ 26*t^6-10*t^7+ 2*t^8
12a_967,12,3,3,5,5-27*t+ 58*t^2-73*t^3+ 58*t^4-27*t^5+ 5*t^6
12a_968,12,4,3,5,1-8*t+ 23*t^2-40*t^3+ 49*t^4-40*t^5+ 23*t^6-8*t^7+ t^8
12a_969,12,3,3,6,2-14*t+ 33*t^2-41*t^3+ 33*t^4-14*t^5+ 2*t^6
12a_970,12,4,3,4,2-8*t+ 15*t^2-18*t^3+ 19*t^4-18*t^5+ 15*t^6-8*t^7+ 2*t^8
12a_971,12,3,3,5,4-18*t+ 37*t^2-45*t^3+ 37*t^4-18*t^5+ 4*t^6
12a_972,12,4,3,4,2-10*t+ 24*t^2-36*t^3+ 39*t^4-36*t^5+ 24*t^6-10*t^7+ 2*t^8
12a_973,12,3,3,5,8-29*t+ 53*t^2-63*t^3+ 53*t^4-29*t^5+ 8*t^6
12a_974,12,2,3,6,13-44*t+ 63*t^2-44*t^3+ 13*t^4
12a_975,12,3,3,6,4-22*t+ 52*t^2-69*t^3+ 52*t^4-22*t^5+ 4*t^6
12a_976,12,3,3,6,4-25*t+ 66*t^2-89*t^3+ 66*t^4-25*t^5+ 4*t^6
12a_977,12,4,3,4,2-10*t+ 22*t^2-34*t^3+ 39*t^4-34*t^5+ 22*t^6-10*t^7+ 2*t^8
12a_978,12,3,3,5,3-15*t+ 30*t^2-37*t^3+ 30*t^4-15*t^5+ 3*t^6
12a_979,12,4,3,4,2-10*t+ 27*t^2-46*t^3+ 55*t^4-46*t^5+ 27*t^6-10*t^7+ 2*t^8
12a_980,12,4,3,4,2-11*t+ 31*t^2-53*t^3+ 63*t^4-53*t^5+ 31*t^6-11*t^7+ 2*t^8
12a_981,12,5,3,3,1-4*t+ 10*t^2-17*t^3+ 23*t^4-25*t^5+ 23*t^6-17*t^7+ 10*t^8-4*t^9+ t^10
12a_982,12,4,3,4,2-9*t+ 23*t^2-38*t^3+ 45*t^4-38*t^5+ 23*t^6-9*t^7+ 2*t^8
12a_983,12,3,3,5,5-25*t+ 52*t^2-65*t^3+ 52*t^4-25*t^5+ 5*t^6
12a_984,12,5,3,3,1-4*t+ 9*t^2-13*t^3+ 16*t^4-17*t^5+ 16*t^6-13*t^7+ 9*t^8-4*t^9+ t^10
12a_985,12,4,3,4,2-9*t+ 21*t^2-30*t^3+ 33*t^4-30*t^5+ 21*t^6-9*t^7+ 2*t^8
12a_986,12,4,3,4,2-12*t+ 34*t^2-59*t^3+ 71*t^4-59*t^5+ 34*t^6-12*t^7+ 2*t^8
12a_987,12,4,3,4,2-10*t+ 27*t^2-46*t^3+ 55*t^4-46*t^5+ 27*t^6-10*t^7+ 2*t^8
12a_988,12,4,3,4,2-8*t+ 17*t^2-23*t^3+ 25*t^4-23*t^5+ 17*t^6-8*t^7+ 2*t^8
12a_989,12,3,3,5,4-18*t+ 40*t^2-51*t^3+ 40*t^4-18*t^5+ 4*t^6
12a_990,12,4,3,5,1-8*t+ 26*t^2-48*t^3+ 59*t^4-48*t^5+ 26*t^6-8*t^7+ t^8
12a_991,12,4,3,5,1-8*t+ 25*t^2-44*t^3+ 53*t^4-44*t^5+ 25*t^6-8*t^7+ t^8
12a_992,12,4,3,5,1-9*t+ 30*t^2-57*t^3+ 71*t^4-57*t^5+ 30*t^6-9*t^7+ t^8
12a_993,12,4,3,4,2-10*t+ 24*t^2-38*t^3+ 45*t^4-38*t^5+ 24*t^6-10*t^7+ 2*t^8
12a_994,12,4,3,4,2-12*t+ 34*t^2-60*t^3+ 71*t^4-60*t^5+ 34*t^6-12*t^7+ 2*t^8
12a_995,12,3,3,5,8-28*t+ 49*t^2-57*t^3+ 49*t^4-28*t^5+ 8*t^6
12a_996,12,2,3,6,14-48*t+ 69*t^2-48*t^3+ 14*t^4
12a_997,12,4,3,4,2-10*t+ 26*t^2-44*t^3+ 51*t^4-44*t^5+ 26*t^6-10*t^7+ 2*t^8
12a_998,12,4,3,4,2-11*t+ 30*t^2-52*t^3+ 61*t^4-52*t^5+ 30*t^6-11*t^7+ 2*t^8
12a_999,12,5,3,3,1-4*t+ 11*t^2-21*t^3+ 31*t^4-35*t^5+ 31*t^6-21*t^7+ 11*t^8-4*t^9+ t^10
12a_1000,12,4,3,4,2-8*t+ 19*t^2-30*t^3+ 35*t^4-30*t^5+ 19*t^6-8*t^7+ 2*t^8
12a_1001,12,3,3,5,4-19*t+ 43*t^2-57*t^3+ 43*t^4-19*t^5+ 4*t^6
12a_1002,12,5,3,3,1-5*t+ 13*t^2-23*t^3+ 32*t^4-35*t^5+ 32*t^6-23*t^7+ 13*t^8-5*t^9+ t^10
12a_1003,12,4,3,4,2-10*t+ 28*t^2-48*t^3+ 57*t^4-48*t^5+ 28*t^6-10*t^7+ 2*t^8
12a_1004,12,3,3,5,8-30*t+ 57*t^2-69*t^3+ 57*t^4-30*t^5+ 8*t^6
12a_1005,12,4,3,4,2-11*t+ 29*t^2-49*t^3+ 59*t^4-49*t^5+ 29*t^6-11*t^7+ 2*t^8
12a_1006,12,4,3,4,2-10*t+ 25*t^2-41*t^3+ 49*t^4-41*t^5+ 25*t^6-10*t^7+ 2*t^8
12a_1007,12,4,3,4,2-9*t+ 19*t^2-27*t^3+ 29*t^4-27*t^5+ 19*t^6-9*t^7+ 2*t^8
12a_1008,12,3,3,5,4-20*t+ 45*t^2-59*t^3+ 45*t^4-20*t^5+ 4*t^6
12a_1009,12,4,3,4,2-9*t+ 19*t^2-25*t^3+ 27*t^4-25*t^5+ 19*t^6-9*t^7+ 2*t^8
12a_1010,12,3,3,5,4-20*t+ 45*t^2-57*t^3+ 45*t^4-20*t^5+ 4*t^6
12a_1011,12,5,3,3,1-4*t+ 9*t^2-15*t^3+ 20*t^4-23*t^5+ 20*t^6-15*t^7+ 9*t^8-4*t^9+ t^10
12a_1012,12,4,3,4,2-9*t+ 21*t^2-32*t^3+ 35*t^4-32*t^5+ 21*t^6-9*t^7+ 2*t^8
12a_1013,12,5,3,3,1-4*t+ 9*t^2-15*t^3+ 20*t^4-21*t^5+ 20*t^6-15*t^7+ 9*t^8-4*t^9+ t^10
12a_1014,12,4,3,4,2-9*t+ 21*t^2-34*t^3+ 41*t^4-34*t^5+ 21*t^6-9*t^7+ 2*t^8
12a_1015,12,4,3,4,2-8*t+ 17*t^2-25*t^3+ 27*t^4-25*t^5+ 17*t^6-8*t^7+ 2*t^8
12a_1016,12,3,3,5,4-18*t+ 40*t^2-53*t^3+ 40*t^4-18*t^5+ 4*t^6
12a_1017,12,4,3,4,2-8*t+ 15*t^2-19*t^3+ 21*t^4-19*t^5+ 15*t^6-8*t^7+ 2*t^8
12a_1018,12,3,3,5,4-18*t+ 36*t^2-43*t^3+ 36*t^4-18*t^5+ 4*t^6
12a_1019,12,4,3,5,1-10*t+ 39*t^2-80*t^3+ 101*t^4-80*t^5+ 39*t^6-10*t^7+ t^8
12a_1020,12,4,3,5,1-9*t+ 34*t^2-71*t^3+ 89*t^4-71*t^5+ 34*t^6-9*t^7+ t^8
12a_1021,12,4,3,5,1-9*t+ 35*t^2-76*t^3+ 97*t^4-76*t^5+ 35*t^6-9*t^7+ t^8
12a_1022,12,3,3,6,3-21*t+ 58*t^2-79*t^3+ 58*t^4-21*t^5+ 3*t^6
12a_1023,12,4,2,4,2-8*t+ 16*t^2-24*t^3+ 27*t^4-24*t^5+ 16*t^6-8*t^7+ 2*t^8
12a_1024,12,3,2,5,4-17*t+ 33*t^2-41*t^3+ 33*t^4-17*t^5+ 4*t^6
12a_1025,12,4,3,4,2-12*t+ 31*t^2-52*t^3+ 61*t^4-52*t^5+ 31*t^6-12*t^7+ 2*t^8
12a_1026,12,3,3,5,3-17*t+ 38*t^2-49*t^3+ 38*t^4-17*t^5+ 3*t^6
12a_1027,12,5,3,3,1-3*t+ 6*t^2-10*t^3+ 14*t^4-15*t^5+ 14*t^6-10*t^7+ 6*t^8-3*t^9+ t^10
12a_1028,12,4,3,4,2-7*t+ 14*t^2-21*t^3+ 25*t^4-21*t^5+ 14*t^6-7*t^7+ 2*t^8
12a_1029,12,4,2,4,2-6*t+ 10*t^2-14*t^3+ 17*t^4-14*t^5+ 10*t^6-6*t^7+ 2*t^8
12a_1030,12,3,2,5,4-13*t+ 19*t^2-19*t^3+ 19*t^4-13*t^5+ 4*t^6
12a_1031,12,4,3,4,2-7*t+ 13*t^2-17*t^3+ 19*t^4-17*t^5+ 13*t^6-7*t^7+ 2*t^8
12a_1032,12,3,3,5,4-16*t+ 31*t^2-37*t^3+ 31*t^4-16*t^5+ 4*t^6
12a_1033,12,3,2,5,4-14*t+ 23*t^2-25*t^3+ 23*t^4-14*t^5+ 4*t^6
12a_1034,12,2,2,6,8-30*t+ 45*t^2-30*t^3+ 8*t^4
12a_1035,12,3,3,5,7-21*t+ 32*t^2-35*t^3+ 32*t^4-21*t^5+ 7*t^6
12a_1036,12,4,3,4,2-10*t+ 21*t^2-30*t^3+ 33*t^4-30*t^5+ 21*t^6-10*t^7+ 2*t^8
12a_1037,12,2,3,6,14-46*t+ 65*t^2-46*t^3+ 14*t^4
12a_1038,12,3,3,5,4-21*t+ 45*t^2-57*t^3+ 45*t^4-21*t^5+ 4*t^6
12a_1039,12,4,2,5,1-7*t+ 17*t^2-27*t^3+ 33*t^4-27*t^5+ 17*t^6-7*t^7+ t^8
12a_1040,12,3,2,6,2-13*t+ 27*t^2-31*t^3+ 27*t^4-13*t^5+ 2*t^6
12a_1041,12,4,3,4,2-12*t+ 33*t^2-54*t^3+ 63*t^4-54*t^5+ 33*t^6-12*t^7+ 2*t^8
12a_1042,12,4,3,4,2-11*t+ 30*t^2-52*t^3+ 63*t^4-52*t^5+ 30*t^6-11*t^7+ 2*t^8
12a_1043,12,3,3,5,4-21*t+ 48*t^2-61*t^3+ 48*t^4-21*t^5+ 4*t^6
12a_1044,12,3,3,5,3-18*t+ 46*t^2-61*t^3+ 46*t^4-18*t^5+ 3*t^6
12a_1045,12,4,3,5,1-8*t+ 22*t^2-32*t^3+ 35*t^4-32*t^5+ 22*t^6-8*t^7+ t^8
12a_1046,12,3,3,6,2-17*t+ 49*t^2-67*t^3+ 49*t^4-17*t^5+ 2*t^6
12a_1047,12,5,3,3,1-4*t+ 10*t^2-18*t^3+ 25*t^4-27*t^5+ 25*t^6-18*t^7+ 10*t^8-4*t^9+ t^10
12a_1048,12,4,3,4,2-9*t+ 23*t^2-40*t^3+ 49*t^4-40*t^5+ 23*t^6-9*t^7+ 2*t^8
12a_1049,12,4,3,5,1-9*t+ 27*t^2-45*t^3+ 51*t^4-45*t^5+ 27*t^6-9*t^7+ t^8
12a_1050,12,4,3,5,1-8*t+ 29*t^2-63*t^3+ 83*t^4-63*t^5+ 29*t^6-8*t^7+ t^8
12a_1051,12,5,3,3,1-4*t+ 9*t^2-15*t^3+ 18*t^4-19*t^5+ 18*t^6-15*t^7+ 9*t^8-4*t^9+ t^10
12a_1052,12,4,3,4,2-9*t+ 22*t^2-38*t^3+ 45*t^4-38*t^5+ 22*t^6-9*t^7+ 2*t^8
12a_1053,12,4,3,4,2-10*t+ 27*t^2-48*t^3+ 59*t^4-48*t^5+ 27*t^6-10*t^7+ 2*t^8
12a_1054,12,4,3,5,1-9*t+ 28*t^2-48*t^3+ 55*t^4-48*t^5+ 28*t^6-9*t^7+ t^8
12a_1055,12,3,3,6,2-17*t+ 50*t^2-71*t^3+ 50*t^4-17*t^5+ 2*t^6
12a_1056,12,4,3,4,2-10*t+ 28*t^2-52*t^3+ 63*t^4-52*t^5+ 28*t^6-10*t^7+ 2*t^8
12a_1057,12,3,3,6,3-22*t+ 59*t^2-81*t^3+ 59*t^4-22*t^5+ 3*t^6
12a_1058,12,3,3,6,2-18*t+ 53*t^2-75*t^3+ 53*t^4-18*t^5+ 2*t^6
12a_1059,12,4,3,4,2-10*t+ 23*t^2-36*t^3+ 41*t^4-36*t^5+ 23*t^6-10*t^7+ 2*t^8
12a_1060,12,4,3,4,2-9*t+ 22*t^2-37*t^3+ 43*t^4-37*t^5+ 22*t^6-9*t^7+ 2*t^8
12a_1061,12,4,3,4,2-11*t+ 31*t^2-56*t^3+ 67*t^4-56*t^5+ 31*t^6-11*t^7+ 2*t^8
12a_1062,12,3,3,5,3-15*t+ 32*t^2-41*t^3+ 32*t^4-15*t^5+ 3*t^6
12a_1063,12,3,3,5,3-12*t+ 24*t^2-31*t^3+ 24*t^4-12*t^5+ 3*t^6
12a_1064,12,4,3,4,2-9*t+ 21*t^2-33*t^3+ 37*t^4-33*t^5+ 21*t^6-9*t^7+ 2*t^8
12a_1065,12,4,3,5,1-8*t+ 31*t^2-67*t^3+ 87*t^4-67*t^5+ 31*t^6-8*t^7+ t^8
12a_1066,12,4,3,4,2-8*t+ 19*t^2-33*t^3+ 39*t^4-33*t^5+ 19*t^6-8*t^7+ 2*t^8
12a_1067,12,4,3,5,1-8*t+ 30*t^2-61*t^3+ 75*t^4-61*t^5+ 30*t^6-8*t^7+ t^8
12a_1068,12,3,3,5,4-16*t+ 32*t^2-41*t^3+ 32*t^4-16*t^5+ 4*t^6
12a_1069,12,3,3,6,2-19*t+ 57*t^2-79*t^3+ 57*t^4-19*t^5+ 2*t^6
12a_1070,12,4,3,5,1-8*t+ 29*t^2-58*t^3+ 71*t^4-58*t^5+ 29*t^6-8*t^7+ t^8
12a_1071,12,4,3,4,2-10*t+ 26*t^2-46*t^3+ 55*t^4-46*t^5+ 26*t^6-10*t^7+ 2*t^8
12a_1072,12,4,3,4,2-11*t+ 30*t^2-49*t^3+ 57*t^4-49*t^5+ 30*t^6-11*t^7+ 2*t^8
12a_1073,12,3,3,5,4-22*t+ 49*t^2-63*t^3+ 49*t^4-22*t^5+ 4*t^6
12a_1074,12,4,3,5,1-8*t+ 24*t^2-40*t^3+ 47*t^4-40*t^5+ 24*t^6-8*t^7+ t^8
12a_1075,12,3,3,5,4-19*t+ 41*t^2-53*t^3+ 41*t^4-19*t^5+ 4*t^6
12a_1076,12,4,3,5,1-8*t+ 29*t^2-60*t^3+ 77*t^4-60*t^5+ 29*t^6-8*t^7+ t^8
12a_1077,12,3,3,5,3-16*t+ 40*t^2-53*t^3+ 40*t^4-16*t^5+ 3*t^6
12a_1078,12,4,3,4,2-11*t+ 32*t^2-58*t^3+ 71*t^4-58*t^5+ 32*t^6-11*t^7+ 2*t^8
12a_1079,12,4,3,4,2-11*t+ 31*t^2-56*t^3+ 67*t^4-56*t^5+ 31*t^6-11*t^7+ 2*t^8
12a_1080,12,4,3,5,1-8*t+ 24*t^2-42*t^3+ 51*t^4-42*t^5+ 24*t^6-8*t^7+ t^8
12a_1081,12,4,3,5,1-8*t+ 25*t^2-46*t^3+ 57*t^4-46*t^5+ 25*t^6-8*t^7+ t^8
12a_1082,12,4,3,5,1-8*t+ 23*t^2-38*t^3+ 45*t^4-38*t^5+ 23*t^6-8*t^7+ t^8
12a_1083,12,4,3,4,2-9*t+ 21*t^2-33*t^3+ 39*t^4-33*t^5+ 21*t^6-9*t^7+ 2*t^8
12a_1084,12,4,3,5,1-8*t+ 20*t^2-28*t^3+ 31*t^4-28*t^5+ 20*t^6-8*t^7+ t^8
12a_1085,12,3,3,6,2-17*t+ 45*t^2-59*t^3+ 45*t^4-17*t^5+ 2*t^6
12a_1086,12,3,3,5,4-20*t+ 46*t^2-59*t^3+ 46*t^4-20*t^5+ 4*t^6
12a_1087,12,4,3,5,1-8*t+ 25*t^2-48*t^3+ 61*t^4-48*t^5+ 25*t^6-8*t^7+ t^8
12a_1088,12,4,3,5,1-9*t+ 29*t^2-54*t^3+ 67*t^4-54*t^5+ 29*t^6-9*t^7+ t^8
12a_1089,12,4,3,5,1-8*t+ 21*t^2-31*t^3+ 35*t^4-31*t^5+ 21*t^6-8*t^7+ t^8
12a_1090,12,3,3,6,2-16*t+ 42*t^2-55*t^3+ 42*t^4-16*t^5+ 2*t^6
12a_1091,12,4,3,4,2-10*t+ 27*t^2-49*t^3+ 61*t^4-49*t^5+ 27*t^6-10*t^7+ 2*t^8
12a_1092,12,4,3,5,1-9*t+ 29*t^2-52*t^3+ 61*t^4-52*t^5+ 29*t^6-9*t^7+ t^8
12a_1093,12,4,3,5,1-8*t+ 25*t^2-44*t^3+ 51*t^4-44*t^5+ 25*t^6-8*t^7+ t^8
12a_1094,12,3,3,6,2-14*t+ 35*t^2-45*t^3+ 35*t^4-14*t^5+ 2*t^6
12a_1095,12,3,3,5,3-12*t+ 22*t^2-25*t^3+ 22*t^4-12*t^5+ 3*t^6
12a_1096,12,4,3,5,1-8*t+ 29*t^2-60*t^3+ 75*t^4-60*t^5+ 29*t^6-8*t^7+ t^8
12a_1097,12,2,3,6,16-54*t+ 77*t^2-54*t^3+ 16*t^4
12a_1098,12,3,3,5,5-29*t+ 68*t^2-89*t^3+ 68*t^4-29*t^5+ 5*t^6
12a_1099,12,4,3,4,2-10*t+ 27*t^2-44*t^3+ 51*t^4-44*t^5+ 27*t^6-10*t^7+ 2*t^8
12a_1100,12,4,3,4,2-11*t+ 31*t^2-54*t^3+ 65*t^4-54*t^5+ 31*t^6-11*t^7+ 2*t^8
12a_1101,12,4,3,4,2-11*t+ 30*t^2-48*t^3+ 55*t^4-48*t^5+ 30*t^6-11*t^7+ 2*t^8
12a_1102,12,4,3,5,1-8*t+ 30*t^2-68*t^3+ 91*t^4-68*t^5+ 30*t^6-8*t^7+ t^8
12a_1103,12,3,3,5,4-19*t+ 45*t^2-59*t^3+ 45*t^4-19*t^5+ 4*t^6
12a_1104,12,4,3,5,1-8*t+ 25*t^2-46*t^3+ 55*t^4-46*t^5+ 25*t^6-8*t^7+ t^8
12a_1105,12,4,3,5,1-8*t+ 30*t^2-64*t^3+ 83*t^4-64*t^5+ 30*t^6-8*t^7+ t^8
12a_1106,12,3,3,6,3-18*t+ 48*t^2-67*t^3+ 48*t^4-18*t^5+ 3*t^6
12a_1107,12,4,3,4,2-8*t+ 16*t^2-20*t^3+ 21*t^4-20*t^5+ 16*t^6-8*t^7+ 2*t^8
12a_1108,12,3,3,5,4-17*t+ 35*t^2-43*t^3+ 35*t^4-17*t^5+ 4*t^6
12a_1109,12,4,3,4,2-11*t+ 29*t^2-51*t^3+ 61*t^4-51*t^5+ 29*t^6-11*t^7+ 2*t^8
12a_1110,12,3,3,5,5-27*t+ 66*t^2-87*t^3+ 66*t^4-27*t^5+ 5*t^6
12a_1111,12,4,3,4,2-11*t+ 27*t^2-41*t^3+ 45*t^4-41*t^5+ 27*t^6-11*t^7+ 2*t^8
12a_1112,12,3,3,5,8-27*t+ 46*t^2-53*t^3+ 46*t^4-27*t^5+ 8*t^6
12a_1113,12,2,3,6,15-51*t+ 73*t^2-51*t^3+ 15*t^4
12a_1114,12,5,3,3,1-4*t+ 9*t^2-12*t^3+ 14*t^4-15*t^5+ 14*t^6-12*t^7+ 9*t^8-4*t^9+ t^10
12a_1115,12,4,3,4,2-9*t+ 22*t^2-32*t^3+ 35*t^4-32*t^5+ 22*t^6-9*t^7+ 2*t^8
12a_1116,12,4,3,4,2-9*t+ 23*t^2-37*t^3+ 43*t^4-37*t^5+ 23*t^6-9*t^7+ 2*t^8
12a_1117,12,3,3,6,4-26*t+ 64*t^2-85*t^3+ 64*t^4-26*t^5+ 4*t^6
12a_1118,12,3,3,5,3-12*t+ 26*t^2-33*t^3+ 26*t^4-12*t^5+ 3*t^6
12a_1119,12,4,3,4,2-9*t+ 21*t^2-33*t^3+ 39*t^4-33*t^5+ 21*t^6-9*t^7+ 2*t^8
12a_1120,12,5,3,3,1-4*t+ 9*t^2-14*t^3+ 18*t^4-19*t^5+ 18*t^6-14*t^7+ 9*t^8-4*t^9+ t^10
12a_1121,12,4,3,4,2-9*t+ 22*t^2-36*t^3+ 43*t^4-36*t^5+ 22*t^6-9*t^7+ 2*t^8
12a_1122,12,4,3,5,1-8*t+ 30*t^2-63*t^3+ 81*t^4-63*t^5+ 30*t^6-8*t^7+ t^8
12a_1123,12,4,3,5,1-9*t+ 30*t^2-56*t^3+ 69*t^4-56*t^5+ 30*t^6-9*t^7+ t^8
12a_1124,12,3,3,7,1-13*t+ 50*t^2-77*t^3+ 50*t^4-13*t^5+ t^6
12a_1125,12,3,2,5,4-14*t+ 21*t^2-23*t^3+ 21*t^4-14*t^5+ 4*t^6
12a_1126,12,2,2,6,8-30*t+ 43*t^2-30*t^3+ 8*t^4
12a_1127,12,2,2,7,4-24*t+ 41*t^2-24*t^3+ 4*t^4
12a_1128,12,5,2,3,1-3*t+ 5*t^2-7*t^3+ 9*t^4-9*t^5+ 9*t^6-7*t^7+ 5*t^8-3*t^9+ t^10
12a_1129,12,4,2,4,2-7*t+ 13*t^2-19*t^3+ 23*t^4-19*t^5+ 13*t^6-7*t^7+ 2*t^8
12a_1130,12,4,2,4,2-8*t+ 16*t^2-23*t^3+ 27*t^4-23*t^5+ 16*t^6-8*t^7+ 2*t^8
12a_1131,12,4,2,4,2-7*t+ 11*t^2-11*t^3+ 11*t^4-11*t^5+ 11*t^6-7*t^7+ 2*t^8
12a_1132,12,3,2,5,4-16*t+ 29*t^2-33*t^3+ 29*t^4-16*t^5+ 4*t^6
12a_1133,12,3,2,5,4-18*t+ 36*t^2-43*t^3+ 36*t^4-18*t^5+ 4*t^6
12a_1134,12,5,2,3,1-3*t+ 5*t^2-7*t^3+ 7*t^4-7*t^5+ 7*t^6-7*t^7+ 5*t^8-3*t^9+ t^10
12a_1135,12,4,2,4,2-7*t+ 13*t^2-19*t^3+ 21*t^4-19*t^5+ 13*t^6-7*t^7+ 2*t^8
12a_1136,12,4,2,4,2-8*t+ 18*t^2-29*t^3+ 33*t^4-29*t^5+ 18*t^6-8*t^7+ 2*t^8
12a_1137,12,3,3,5,4-16*t+ 31*t^2-39*t^3+ 31*t^4-16*t^5+ 4*t^6
12a_1138,12,3,2,5,3-11*t+ 17*t^2-17*t^3+ 17*t^4-11*t^5+ 3*t^6
12a_1139,12,2,2,6,6-25*t+ 39*t^2-25*t^3+ 6*t^4
12a_1140,12,3,2,5,3-11*t+ 21*t^2-27*t^3+ 21*t^4-11*t^5+ 3*t^6
12a_1141,12,4,3,5,1-8*t+ 22*t^2-34*t^3+ 37*t^4-34*t^5+ 22*t^6-8*t^7+ t^8
12a_1142,12,3,3,5,4-14*t+ 21*t^2-21*t^3+ 21*t^4-14*t^5+ 4*t^6
12a_1143,12,3,3,6,2-17*t+ 49*t^2-69*t^3+ 49*t^4-17*t^5+ 2*t^6
12a_1144,12,2,3,6,8-32*t+ 49*t^2-32*t^3+ 8*t^4
12a_1145,12,4,2,4,2-6*t+ 10*t^2-14*t^3+ 15*t^4-14*t^5+ 10*t^6-6*t^7+ 2*t^8
12a_1146,12,3,2,5,4-14*t+ 25*t^2-31*t^3+ 25*t^4-14*t^5+ 4*t^6
12a_1147,12,4,3,4,2-7*t+ 15*t^2-24*t^3+ 27*t^4-24*t^5+ 15*t^6-7*t^7+ 2*t^8
12a_1148,12,3,2,5,3-9*t+ 15*t^2-19*t^3+ 15*t^4-9*t^5+ 3*t^6
12a_1149,12,2,2,6,4-9*t+ 9*t^2-9*t^3+ 4*t^4
12a_1150,12,4,3,5,1-8*t+ 23*t^2-41*t^3+ 51*t^4-41*t^5+ 23*t^6-8*t^7+ t^8
12a_1151,12,3,3,6,2-14*t+ 32*t^2-39*t^3+ 32*t^4-14*t^5+ 2*t^6
12a_1152,12,4,3,5,1-9*t+ 34*t^2-72*t^3+ 93*t^4-72*t^5+ 34*t^6-9*t^7+ t^8
12a_1153,12,4,3,5,1-8*t+ 20*t^2-26*t^3+ 27*t^4-26*t^5+ 20*t^6-8*t^7+ t^8
12a_1154,12,3,3,6,2-17*t+ 47*t^2-63*t^3+ 47*t^4-17*t^5+ 2*t^6
12a_1155,12,3,3,5,5-28*t+ 63*t^2-81*t^3+ 63*t^4-28*t^5+ 5*t^6
12a_1156,12,4,3,5,1-8*t+ 25*t^2-43*t^3+ 51*t^4-43*t^5+ 25*t^6-8*t^7+ t^8
12a_1157,12,4,2,4,2-5*t+ 5*t^2-5*t^3+ 5*t^4-5*t^5+ 5*t^6-5*t^7+ 2*t^8
12a_1158,12,3,2,5,4-12*t+ 15*t^2-15*t^3+ 15*t^4-12*t^5+ 4*t^6
12a_1159,12,3,2,5,4-14*t+ 24*t^2-29*t^3+ 24*t^4-14*t^5+ 4*t^6
12a_1160,12,2,3,6,8-28*t+ 39*t^2-28*t^3+ 8*t^4
12a_1161,12,2,2,6,6-19*t+ 25*t^2-19*t^3+ 6*t^4
12a_1162,12,3,2,5,4-11*t+ 13*t^2-13*t^3+ 13*t^4-11*t^5+ 4*t^6
12a_1163,12,2,2,6,8-26*t+ 35*t^2-26*t^3+ 8*t^4
12a_1164,12,3,3,5,4-13*t+ 22*t^2-27*t^3+ 22*t^4-13*t^5+ 4*t^6
12a_1165,12,2,2,6,6-17*t+ 21*t^2-17*t^3+ 6*t^4
12a_1166,12,1,2,7,8-17*t+ 8*t^2
12a_1167,12,4,3,5,1-10*t+ 35*t^2-68*t^3+ 85*t^4-68*t^5+ 35*t^6-10*t^7+ t^8
12a_1168,12,5,3,3,1-4*t+ 10*t^2-19*t^3+ 28*t^4-31*t^5+ 28*t^6-19*t^7+ 10*t^8-4*t^9+ t^10
12a_1169,12,4,3,4,2-8*t+ 17*t^2-26*t^3+ 31*t^4-26*t^5+ 17*t^6-8*t^7+ 2*t^8
12a_1170,12,4,3,4,2-8*t+ 18*t^2-30*t^3+ 37*t^4-30*t^5+ 18*t^6-8*t^7+ 2*t^8
12a_1171,12,3,3,5,4-15*t+ 25*t^2-27*t^3+ 25*t^4-15*t^5+ 4*t^6
12a_1172,12,4,3,4,2-10*t+ 26*t^2-45*t^3+ 55*t^4-45*t^5+ 26*t^6-10*t^7+ 2*t^8
12a_1173,12,3,3,6,3-21*t+ 55*t^2-73*t^3+ 55*t^4-21*t^5+ 3*t^6
12a_1174,12,4,3,4,2-8*t+ 18*t^2-28*t^3+ 33*t^4-28*t^5+ 18*t^6-8*t^7+ 2*t^8
12a_1175,12,4,3,4,2-10*t+ 26*t^2-46*t^3+ 55*t^4-46*t^5+ 26*t^6-10*t^7+ 2*t^8
12a_1176,12,5,3,3,1-4*t+ 9*t^2-15*t^3+ 20*t^4-21*t^5+ 20*t^6-15*t^7+ 9*t^8-4*t^9+ t^10
12a_1177,12,4,3,4,2-9*t+ 22*t^2-38*t^3+ 47*t^4-38*t^5+ 22*t^6-9*t^7+ 2*t^8
12a_1178,12,4,3,4,2-9*t+ 20*t^2-31*t^3+ 37*t^4-31*t^5+ 20*t^6-9*t^7+ 2*t^8
12a_1179,12,3,3,5,3-12*t+ 20*t^2-21*t^3+ 20*t^4-12*t^5+ 3*t^6
12a_1180,12,4,3,4,2-8*t+ 19*t^2-33*t^3+ 41*t^4-33*t^5+ 19*t^6-8*t^7+ 2*t^8
12a_1181,12,3,3,5,4-16*t+ 30*t^2-35*t^3+ 30*t^4-16*t^5+ 4*t^6
12a_1182,12,4,3,4,2-9*t+ 22*t^2-38*t^3+ 45*t^4-38*t^5+ 22*t^6-9*t^7+ 2*t^8
12a_1183,12,3,3,5,4-15*t+ 26*t^2-31*t^3+ 26*t^4-15*t^5+ 4*t^6
12a_1184,12,4,3,4,2-10*t+ 24*t^2-34*t^3+ 37*t^4-34*t^5+ 24*t^6-10*t^7+ 2*t^8
12a_1185,12,3,3,5,4-22*t+ 55*t^2-73*t^3+ 55*t^4-22*t^5+ 4*t^6
12a_1186,12,4,3,4,2-11*t+ 30*t^2-50*t^3+ 59*t^4-50*t^5+ 30*t^6-11*t^7+ 2*t^8
12a_1187,12,4,3,4,2-12*t+ 35*t^2-64*t^3+ 77*t^4-64*t^5+ 35*t^6-12*t^7+ 2*t^8
12a_1188,12,4,3,5,1-9*t+ 36*t^2-79*t^3+ 103*t^4-79*t^5+ 36*t^6-9*t^7+ t^8
12a_1189,12,3,3,5,4-24*t+ 63*t^2-85*t^3+ 63*t^4-24*t^5+ 4*t^6
12a_1190,12,4,3,5,1-9*t+ 31*t^2-61*t^3+ 75*t^4-61*t^5+ 31*t^6-9*t^7+ t^8
12a_1191,12,5,3,3,1-5*t+ 12*t^2-20*t^3+ 25*t^4-27*t^5+ 25*t^6-20*t^7+ 12*t^8-5*t^9+ t^10
12a_1192,12,4,3,4,2-11*t+ 28*t^2-46*t^3+ 53*t^4-46*t^5+ 28*t^6-11*t^7+ 2*t^8
12a_1193,12,4,3,4,2-13*t+ 38*t^2-68*t^3+ 81*t^4-68*t^5+ 38*t^6-13*t^7+ 2*t^8
12a_1194,12,4,3,4,2-10*t+ 23*t^2-34*t^3+ 37*t^4-34*t^5+ 23*t^6-10*t^7+ 2*t^8
12a_1195,12,4,3,5,1-9*t+ 29*t^2-51*t^3+ 59*t^4-51*t^5+ 29*t^6-9*t^7+ t^8
12a_1196,12,4,3,4,2-13*t+ 36*t^2-61*t^3+ 73*t^4-61*t^5+ 36*t^6-13*t^7+ 2*t^8
12a_1197,12,4,3,4,2-11*t+ 29*t^2-48*t^3+ 57*t^4-48*t^5+ 29*t^6-11*t^7+ 2*t^8
12a_1198,12,3,3,5,4-22*t+ 52*t^2-67*t^3+ 52*t^4-22*t^5+ 4*t^6
12a_1199,12,5,3,3,1-5*t+ 13*t^2-23*t^3+ 32*t^4-37*t^5+ 32*t^6-23*t^7+ 13*t^8-5*t^9+ t^10
12a_1200,12,4,3,4,2-10*t+ 25*t^2-39*t^3+ 43*t^4-39*t^5+ 25*t^6-10*t^7+ 2*t^8
12a_1201,12,4,3,4,2-10*t+ 26*t^2-43*t^3+ 51*t^4-43*t^5+ 26*t^6-10*t^7+ 2*t^8
12a_1202,12,2,3,7,9-42*t+ 67*t^2-42*t^3+ 9*t^4
12a_1203,12,5,3,3,1-4*t+ 10*t^2-18*t^3+ 25*t^4-27*t^5+ 25*t^6-18*t^7+ 10*t^8-4*t^9+ t^10
12a_1204,12,4,3,4,2-8*t+ 18*t^2-29*t^3+ 35*t^4-29*t^5+ 18*t^6-8*t^7+ 2*t^8
12a_1205,12,3,3,5,4-15*t+ 26*t^2-29*t^3+ 26*t^4-15*t^5+ 4*t^6
12a_1206,12,3,3,5,4-24*t+ 57*t^2-75*t^3+ 57*t^4-24*t^5+ 4*t^6
12a_1207,12,4,3,4,2-11*t+ 28*t^2-42*t^3+ 47*t^4-42*t^5+ 28*t^6-11*t^7+ 2*t^8
12a_1208,12,3,3,5,4-23*t+ 58*t^2-77*t^3+ 58*t^4-23*t^5+ 4*t^6
12a_1209,12,5,3,3,1-5*t+ 12*t^2-22*t^3+ 32*t^4-37*t^5+ 32*t^6-22*t^7+ 12*t^8-5*t^9+ t^10
12a_1210,12,5,3,3,1-5*t+ 12*t^2-21*t^3+ 28*t^4-31*t^5+ 28*t^6-21*t^7+ 12*t^8-5*t^9+ t^10
12a_1211,12,5,3,3,1-6*t+ 17*t^2-33*t^3+ 48*t^4-55*t^5+ 48*t^6-33*t^7+ 17*t^8-6*t^9+ t^10
12a_1212,12,5,3,3,1-6*t+ 16*t^2-29*t^3+ 41*t^4-45*t^5+ 41*t^6-29*t^7+ 16*t^8-6*t^9+ t^10
12a_1213,12,4,3,4,2-12*t+ 31*t^2-51*t^3+ 61*t^4-51*t^5+ 31*t^6-12*t^7+ 2*t^8
12a_1214,12,5,3,3,1-3*t+ 4*t^2-5*t^3+ 6*t^4-7*t^5+ 6*t^6-5*t^7+ 4*t^8-3*t^9+ t^10
12a_1215,12,5,3,3,1-4*t+ 9*t^2-15*t^3+ 19*t^4-21*t^5+ 19*t^6-15*t^7+ 9*t^8-4*t^9+ t^10
12a_1216,12,4,3,4,2-11*t+ 25*t^2-35*t^3+ 37*t^4-35*t^5+ 25*t^6-11*t^7+ 2*t^8
12a_1217,12,3,3,5,4-23*t+ 55*t^2-73*t^3+ 55*t^4-23*t^5+ 4*t^6
12a_1218,12,5,3,3,1-4*t+ 8*t^2-13*t^3+ 18*t^4-21*t^5+ 18*t^6-13*t^7+ 8*t^8-4*t^9+ t^10
12a_1219,12,5,3,3,1-4*t+ 9*t^2-15*t^3+ 21*t^4-23*t^5+ 21*t^6-15*t^7+ 9*t^8-4*t^9+ t^10
12a_1220,12,5,3,3,1-4*t+ 8*t^2-11*t^3+ 14*t^4-15*t^5+ 14*t^6-11*t^7+ 8*t^8-4*t^9+ t^10
12a_1221,12,5,3,3,1-5*t+ 13*t^2-24*t^3+ 35*t^4-39*t^5+ 35*t^6-24*t^7+ 13*t^8-5*t^9+ t^10
12a_1222,12,5,3,3,1-5*t+ 13*t^2-25*t^3+ 37*t^4-43*t^5+ 37*t^6-25*t^7+ 13*t^8-5*t^9+ t^10
12a_1223,12,5,3,3,1-4*t+ 10*t^2-18*t^3+ 23*t^4-25*t^5+ 23*t^6-18*t^7+ 10*t^8-4*t^9+ t^10
12a_1224,12,4,3,4,2-8*t+ 18*t^2-29*t^3+ 33*t^4-29*t^5+ 18*t^6-8*t^7+ 2*t^8
12a_1225,12,5,3,3,1-5*t+ 14*t^2-28*t^3+ 41*t^4-47*t^5+ 41*t^6-28*t^7+ 14*t^8-5*t^9+ t^10
12a_1226,12,5,3,3,1-4*t+ 10*t^2-18*t^3+ 26*t^4-29*t^5+ 26*t^6-18*t^7+ 10*t^8-4*t^9+ t^10
12a_1227,12,5,3,3,1-5*t+ 13*t^2-24*t^3+ 34*t^4-37*t^5+ 34*t^6-24*t^7+ 13*t^8-5*t^9+ t^10
12a_1228,12,4,3,4,2-10*t+ 24*t^2-39*t^3+ 47*t^4-39*t^5+ 24*t^6-10*t^7+ 2*t^8
12a_1229,12,5,3,3,1-5*t+ 14*t^2-27*t^3+ 40*t^4-47*t^5+ 40*t^6-27*t^7+ 14*t^8-5*t^9+ t^10
12a_1230,12,5,3,3,1-5*t+ 14*t^2-27*t^3+ 39*t^4-43*t^5+ 39*t^6-27*t^7+ 14*t^8-5*t^9+ t^10
12a_1231,12,5,3,3,1-5*t+ 13*t^2-24*t^3+ 34*t^4-39*t^5+ 34*t^6-24*t^7+ 13*t^8-5*t^9+ t^10
12a_1232,12,4,3,4,2-10*t+ 24*t^2-37*t^3+ 41*t^4-37*t^5+ 24*t^6-10*t^7+ 2*t^8
12a_1233,12,5,3,3,1-3*t+ 6*t^2-10*t^3+ 12*t^4-13*t^5+ 12*t^6-10*t^7+ 6*t^8-3*t^9+ t^10
12a_1234,12,4,3,4,2-7*t+ 15*t^2-25*t^3+ 29*t^4-25*t^5+ 15*t^6-7*t^7+ 2*t^8
12a_1235,12,5,3,3,1-4*t+ 9*t^2-16*t^3+ 23*t^4-27*t^5+ 23*t^6-16*t^7+ 9*t^8-4*t^9+ t^10
12a_1236,12,4,3,4,2-9*t+ 21*t^2-33*t^3+ 37*t^4-33*t^5+ 21*t^6-9*t^7+ 2*t^8
12a_1237,12,4,3,4,2-11*t+ 28*t^2-45*t^3+ 53*t^4-45*t^5+ 28*t^6-11*t^7+ 2*t^8
12a_1238,12,5,3,3,1-4*t+ 9*t^2-16*t^3+ 23*t^4-25*t^5+ 23*t^6-16*t^7+ 9*t^8-4*t^9+ t^10
12a_1239,12,4,3,4,2-9*t+ 21*t^2-35*t^3+ 43*t^4-35*t^5+ 21*t^6-9*t^7+ 2*t^8
12a_1240,12,4,3,4,2-8*t+ 14*t^2-16*t^3+ 17*t^4-16*t^5+ 14*t^6-8*t^7+ 2*t^8
12a_1241,12,3,3,5,4-18*t+ 35*t^2-41*t^3+ 35*t^4-18*t^5+ 4*t^6
12a_1242,12,4,3,4,2-5*t+ 6*t^2-7*t^3+ 7*t^4-7*t^5+ 6*t^6-5*t^7+ 2*t^8
12a_1243,12,3,3,5,4-12*t+ 17*t^2-19*t^3+ 17*t^4-12*t^5+ 4*t^6
12a_1244,12,4,3,4,2-8*t+ 16*t^2-22*t^3+ 23*t^4-22*t^5+ 16*t^6-8*t^7+ 2*t^8
12a_1245,12,3,3,5,4-18*t+ 39*t^2-51*t^3+ 39*t^4-18*t^5+ 4*t^6
12a_1246,12,5,3,3,1-4*t+ 10*t^2-18*t^3+ 25*t^4-27*t^5+ 25*t^6-18*t^7+ 10*t^8-4*t^9+ t^10
12a_1247,12,4,3,4,2-8*t+ 16*t^2-21*t^3+ 23*t^4-21*t^5+ 16*t^6-8*t^7+ 2*t^8
12a_1248,12,5,3,3,1-6*t+ 17*t^2-32*t^3+ 46*t^4-51*t^5+ 46*t^6-32*t^7+ 17*t^8-6*t^9+ t^10
12a_1249,12,5,3,3,1-6*t+ 17*t^2-32*t^3+ 46*t^4-53*t^5+ 46*t^6-32*t^7+ 17*t^8-6*t^9+ t^10
12a_1250,12,5,3,3,1-5*t+ 14*t^2-27*t^3+ 39*t^4-45*t^5+ 39*t^6-27*t^7+ 14*t^8-5*t^9+ t^10
12a_1251,12,3,3,5,4-25*t+ 62*t^2-83*t^3+ 62*t^4-25*t^5+ 4*t^6
12a_1252,12,4,3,4,2-10*t+ 27*t^2-48*t^3+ 57*t^4-48*t^5+ 27*t^6-10*t^7+ 2*t^8
12a_1253,12,5,3,3,1-5*t+ 14*t^2-26*t^3+ 37*t^4-41*t^5+ 37*t^6-26*t^7+ 14*t^8-5*t^9+ t^10
12a_1254,12,5,3,3,1-4*t+ 10*t^2-18*t^3+ 25*t^4-29*t^5+ 25*t^6-18*t^7+ 10*t^8-4*t^9+ t^10
12a_1255,12,5,3,3,1-5*t+ 13*t^2-23*t^3+ 30*t^4-33*t^5+ 30*t^6-23*t^7+ 13*t^8-5*t^9+ t^10
12a_1256,12,4,3,4,2-8*t+ 18*t^2-27*t^3+ 29*t^4-27*t^5+ 18*t^6-8*t^7+ 2*t^8
12a_1257,12,4,3,4,2-10*t+ 25*t^2-41*t^3+ 47*t^4-41*t^5+ 25*t^6-10*t^7+ 2*t^8
12a_1258,12,5,3,3,1-4*t+ 10*t^2-19*t^3+ 28*t^4-33*t^5+ 28*t^6-19*t^7+ 10*t^8-4*t^9+ t^10
12a_1259,12,4,3,4,2-8*t+ 18*t^2-28*t^3+ 31*t^4-28*t^5+ 18*t^6-8*t^7+ 2*t^8
12a_1260,12,5,3,3,1-4*t+ 10*t^2-19*t^3+ 27*t^4-31*t^5+ 27*t^6-19*t^7+ 10*t^8-4*t^9+ t^10
12a_1261,12,4,3,4,2-9*t+ 23*t^2-40*t^3+ 47*t^4-40*t^5+ 23*t^6-9*t^7+ 2*t^8
12a_1262,12,4,3,4,2-8*t+ 18*t^2-29*t^3+ 33*t^4-29*t^5+ 18*t^6-8*t^7+ 2*t^8
12a_1263,12,3,3,5,4-21*t+ 49*t^2-63*t^3+ 49*t^4-21*t^5+ 4*t^6
12a_1264,12,4,3,4,2-8*t+ 17*t^2-24*t^3+ 25*t^4-24*t^5+ 17*t^6-8*t^7+ 2*t^8
12a_1265,12,3,3,5,4-17*t+ 37*t^2-49*t^3+ 37*t^4-17*t^5+ 4*t^6
12a_1266,12,3,3,5,4-15*t+ 28*t^2-35*t^3+ 28*t^4-15*t^5+ 4*t^6
12a_1267,12,3,3,5,4-16*t+ 32*t^2-41*t^3+ 32*t^4-16*t^5+ 4*t^6
12a_1268,12,4,3,4,2-10*t+ 26*t^2-45*t^3+ 55*t^4-45*t^5+ 26*t^6-10*t^7+ 2*t^8
12a_1269,12,3,3,5,4-17*t+ 38*t^2-51*t^3+ 38*t^4-17*t^5+ 4*t^6
12a_1270,12,4,3,4,2-11*t+ 30*t^2-53*t^3+ 63*t^4-53*t^5+ 30*t^6-11*t^7+ 2*t^8
12a_1271,12,3,3,5,4-20*t+ 44*t^2-55*t^3+ 44*t^4-20*t^5+ 4*t^6
12a_1272,12,4,3,4,2-10*t+ 25*t^2-40*t^3+ 47*t^4-40*t^5+ 25*t^6-10*t^7+ 2*t^8
12a_1273,12,5,2,3,1-3*t+ 5*t^2-7*t^3+ 9*t^4-11*t^5+ 9*t^6-7*t^7+ 5*t^8-3*t^9+ t^10
12a_1274,12,4,2,4,2-7*t+ 13*t^2-17*t^3+ 17*t^4-17*t^5+ 13*t^6-7*t^7+ 2*t^8
12a_1275,12,3,2,5,4-16*t+ 33*t^2-43*t^3+ 33*t^4-16*t^5+ 4*t^6
12a_1276,12,4,2,4,2-6*t+ 10*t^2-13*t^3+ 13*t^4-13*t^5+ 10*t^6-6*t^7+ 2*t^8
12a_1277,12,3,2,5,4-14*t+ 26*t^2-33*t^3+ 26*t^4-14*t^5+ 4*t^6
12a_1278,12,3,2,5,3-7*t+ 7*t^2-7*t^3+ 7*t^4-7*t^5+ 3*t^6
12a_1279,12,2,2,6,6-17*t+ 21*t^2-17*t^3+ 6*t^4
12a_1280,12,4,3,5,1-9*t+ 28*t^2-51*t^3+ 63*t^4-51*t^5+ 28*t^6-9*t^7+ t^8
12a_1281,12,3,2,5,4-13*t+ 23*t^2-29*t^3+ 23*t^4-13*t^5+ 4*t^6
12a_1282,12,2,2,6,6-16*t+ 19*t^2-16*t^3+ 6*t^4
12a_1283,12,5,3,3,1-3*t+ 6*t^2-10*t^3+ 13*t^4-15*t^5+ 13*t^6-10*t^7+ 6*t^8-3*t^9+ t^10
12a_1284,12,4,3,4,2-7*t+ 15*t^2-24*t^3+ 27*t^4-24*t^5+ 15*t^6-7*t^7+ 2*t^8
12a_1285,12,4,3,4,2-6*t+ 11*t^2-16*t^3+ 17*t^4-16*t^5+ 11*t^6-6*t^7+ 2*t^8
12a_1286,12,3,3,5,3-7*t+ 8*t^2-9*t^3+ 8*t^4-7*t^5+ 3*t^6
12a_1287,12,1,2,7,9-19*t+ 9*t^2
12a_1288,12,5,3,3,1-3*t+ 7*t^2-14*t^3+ 21*t^4-25*t^5+ 21*t^6-14*t^7+ 7*t^8-3*t^9+ t^10
12n_1,12,3,3,5,1-5*t+ 13*t^2-19*t^3+ 13*t^4-5*t^5+ t^6
12n_2,12,4,3,5,1-5*t+ 11*t^2-16*t^3+ 17*t^4-16*t^5+ 11*t^6-5*t^7+ t^8
12n_3,12,3,3,5,1-7*t+ 17*t^2-23*t^3+ 17*t^4-7*t^5+ t^6
12n_4,12,3,3,5,1-7*t+ 19*t^2-27*t^3+ 19*t^4-7*t^5+ t^6
12n_5,12,3,3,5,1-7*t+ 21*t^2-29*t^3+ 21*t^4-7*t^5+ t^6
12n_6,12,4,3,5,1-5*t+ 9*t^2-6*t^3+ 3*t^4-6*t^5+ 9*t^6-5*t^7+ t^8
12n_7,12,3,3,5,1-5*t+ 9*t^2-9*t^3+ 9*t^4-5*t^5+ t^6
12n_8,12,4,3,5,1-5*t+ 9*t^2-10*t^3+ 11*t^4-10*t^5+ 9*t^6-5*t^7+ t^8
12n_9,12,3,3,5,1-7*t+ 17*t^2-21*t^3+ 17*t^4-7*t^5+ t^6
12n_10,12,3,3,5,1-5*t+ 9*t^2-9*t^3+ 9*t^4-5*t^5+ t^6
12n_11,12,2,3,6,3-15*t+ 25*t^2-15*t^3+ 3*t^4
12n_12,12,3,3,6,2-10*t+ 18*t^2-19*t^3+ 18*t^4-10*t^5+ 2*t^6
12n_13,12,2,3,6,1-7*t+ 13*t^2-7*t^3+ t^4
12n_14,12,3,3,5,1-7*t+ 21*t^2-31*t^3+ 21*t^4-7*t^5+ t^6
12n_15,12,3,3,5,1-9*t+ 27*t^2-37*t^3+ 27*t^4-9*t^5+ t^6
12n_16,12,4,3,5,1-5*t+ 7*t^2-5*t^4+ 7*t^6-5*t^7+ t^8
12n_17,12,3,3,5,1-8*t+ 22*t^2-29*t^3+ 22*t^4-8*t^5+ t^6
12n_18,12,3,3,6,1-8*t+ 26*t^2-39*t^3+ 26*t^4-8*t^5+ t^6
12n_19,12,3,3,6,1-3*t-t^2+ 7*t^3-t^4-3*t^5+ t^6
12n_20,12,3,3,4,1-5*t+ 11*t^2-13*t^3+ 11*t^4-5*t^5+ t^6
12n_21,12,3,3,5,2-12*t+ 28*t^2-35*t^3+ 28*t^4-12*t^5+ 2*t^6
12n_22,12,4,3,5,1-6*t+ 16*t^2-29*t^3+ 37*t^4-29*t^5+ 16*t^6-6*t^7+ t^8
12n_23,12,2,3,5,2-5*t+ 2*t^2
12n_24,12,3,3,4,1-5*t+ 11*t^2-15*t^3+ 11*t^4-5*t^5+ t^6
12n_25,12,2,3,5,1-3*t+ 3*t^2-3*t^3+ t^4
12n_26,12,3,3,5,2-10*t+ 22*t^2-29*t^3+ 22*t^4-10*t^5+ 2*t^6
12n_27,12,4,3,5,1-6*t+ 16*t^2-25*t^3+ 27*t^4-25*t^5+ 16*t^6-6*t^7+ t^8
12n_28,12,3,3,5,2-8*t+ 13*t^2-8*t^3+ 2*t^4
12n_29,12,3,3,5,2-12*t+ 28*t^2-35*t^3+ 28*t^4-12*t^5+ 2*t^6
12n_30,12,4,3,5,1-6*t+ 16*t^2-29*t^3+ 37*t^4-29*t^5+ 16*t^6-6*t^7+ t^8
12n_31,12,3,3,5,2-5*t+ 2*t^2
12n_32,12,3,3,5,2-10*t+ 22*t^2-29*t^3+ 22*t^4-10*t^5+ 2*t^6
12n_33,12,4,3,5,1-6*t+ 16*t^2-25*t^3+ 27*t^4-25*t^5+ 16*t^6-6*t^7+ t^8
12n_34,12,2,3,5,2-8*t+ 13*t^2-8*t^3+ 2*t^4
12n_35,12,3,3,5,1-6*t+ 16*t^2-23*t^3+ 16*t^4-6*t^5+ t^6
12n_36,12,3,3,5,1-8*t+ 22*t^2-29*t^3+ 22*t^4-8*t^5+ t^6
12n_37,12,4,3,5,1-5*t+ 8*t^2-5*t^3+ 3*t^4-5*t^5+ 8*t^6-5*t^7+ t^8
12n_38,12,3,3,5,1-6*t+ 16*t^2-21*t^3+ 16*t^4-6*t^5+ t^6
12n_39,12,3,3,5,1-8*t+ 22*t^2-31*t^3+ 22*t^4-8*t^5+ t^6
12n_40,12,4,3,5,1-5*t+ 10*t^2-11*t^3+ 9*t^4-11*t^5+ 10*t^6-5*t^7+ t^8
12n_41,12,3,3,5,1-4*t+ 4*t^2-t^3+ 4*t^4-4*t^5+ t^6
12n_42,12,3,3,5,1-6*t+ 14*t^2-17*t^3+ 14*t^4-6*t^5+ t^6
12n_43,12,4,3,5,1-5*t+ 10*t^2-15*t^3+ 19*t^4-15*t^5+ 10*t^6-5*t^7+ t^8
12n_44,12,3,3,5,1-6*t+ 12*t^2-13*t^3+ 12*t^4-6*t^5+ t^6
12n_45,12,3,3,5,1-4*t+ 8*t^2-11*t^3+ 8*t^4-4*t^5+ t^6
12n_46,12,2,3,6,2-10*t+ 17*t^2-10*t^3+ 2*t^4
12n_47,12,3,3,6,2-9*t+ 13*t^2-11*t^3+ 13*t^4-9*t^5+ 2*t^6
12n_48,12,2,3,6,2-12*t+ 21*t^2-12*t^3+ 2*t^4
12n_49,12,2,3,6,4-20*t+ 33*t^2-20*t^3+ 4*t^4
12n_50,12,3,3,6,2-11*t+ 23*t^2-27*t^3+ 23*t^4-11*t^5+ 2*t^6
12n_51,12,2,3,6,2-5*t+ 2*t^2
12n_52,12,3,3,5,1-9*t+ 30*t^2-43*t^3+ 30*t^4-9*t^5+ t^6
12n_53,12,2,3,5,3-14*t+ 23*t^2-14*t^3+ 3*t^4
12n_54,12,3,3,4,1-4*t+ 6*t^2-7*t^3+ 6*t^4-4*t^5+ t^6
12n_55,12,3,4,5,2-11*t+ 26*t^2-33*t^3+ 26*t^4-11*t^5+ 2*t^6
12n_56,12,3,4,5,1-2*t+ 3*t^2-2*t^3+ t^4
12n_57,12,2,4,5,1-2*t+ 3*t^2-2*t^3+ t^4
12n_58,12,3,4,5,2-13*t+ 30*t^2-39*t^3+ 30*t^4-13*t^5+ 2*t^6
12n_59,12,4,4,5,1-3*t+ 8*t^3-13*t^4+ 8*t^5-3*t^7+ t^8
12n_60,12,4,4,5,1-5*t+ 12*t^2-20*t^3+ 23*t^4-20*t^5+ 12*t^6-5*t^7+ t^8
12n_61,12,4,4,5,1-5*t+ 12*t^2-20*t^3+ 23*t^4-20*t^5+ 12*t^6-5*t^7+ t^8
12n_62,12,3,4,5,2-9*t+ 18*t^2-23*t^3+ 18*t^4-9*t^5+ 2*t^6
12n_63,12,3,4,5,3-10*t+ 13*t^2-10*t^3+ 3*t^4
12n_64,12,4,4,5,1-5*t+ 10*t^2-12*t^3+ 13*t^4-12*t^5+ 10*t^6-5*t^7+ t^8
12n_65,12,2,3,5,2-8*t+ 11*t^2-8*t^3+ 2*t^4
12n_66,12,3,4,5,2-9*t+ 18*t^2-23*t^3+ 18*t^4-9*t^5+ 2*t^6
12n_67,12,4,4,5,1-5*t+ 8*t^2-8*t^3+ 7*t^4-8*t^5+ 8*t^6-5*t^7+ t^8
12n_68,12,4,3,5,1-5*t+ 7*t^2-4*t^3+ t^4-4*t^5+ 7*t^6-5*t^7+ t^8
12n_69,12,3,3,5,1-7*t+ 17*t^2-23*t^3+ 17*t^4-7*t^5+ t^6
12n_70,12,3,3,5,1-7*t+ 19*t^2-25*t^3+ 19*t^4-7*t^5+ t^6
12n_71,12,4,3,5,1-5*t+ 9*t^2-10*t^3+ 9*t^4-10*t^5+ 9*t^6-5*t^7+ t^8
12n_72,12,3,3,5,1-9*t+ 23*t^2-31*t^3+ 23*t^4-9*t^5+ t^6
12n_73,12,3,3,5,1-5*t+ 13*t^2-17*t^3+ 13*t^4-5*t^5+ t^6
12n_74,12,4,3,4,2-5*t+ 7*t^2-7*t^3+ 7*t^4-7*t^5+ 7*t^6-5*t^7+ 2*t^8
12n_75,12,3,3,4,3-10*t+ 18*t^2-21*t^3+ 18*t^4-10*t^5+ 3*t^6
12n_76,12,3,3,4,1-6*t+ 12*t^2-15*t^3+ 12*t^4-6*t^5+ t^6
12n_77,12,3,3,5,3-7*t+ 8*t^2-7*t^3+ 8*t^4-7*t^5+ 3*t^6
12n_78,12,2,3,5,5-16*t+ 23*t^2-16*t^3+ 5*t^4
12n_79,12,2,3,5,1-6*t+ 9*t^2-6*t^3+ t^4
12n_80,12,3,3,4,2-7*t+ 15*t^2-19*t^3+ 15*t^4-7*t^5+ 2*t^6
12n_81,12,3,3,4,2-11*t+ 23*t^2-29*t^3+ 23*t^4-11*t^5+ 2*t^6
12n_82,12,3,3,5,2-5*t+ 7*t^2-7*t^3+ 7*t^4-5*t^5+ 2*t^6
12n_83,12,3,3,5,2-11*t+ 24*t^2-31*t^3+ 24*t^4-11*t^5+ 2*t^6
12n_84,12,3,3,4,2-7*t+ 14*t^2-17*t^3+ 14*t^4-7*t^5+ 2*t^6
12n_85,12,3,3,5,2-8*t+ 14*t^2-17*t^3+ 14*t^4-8*t^5+ 2*t^6
12n_86,12,3,3,5,2-10*t+ 24*t^2-31*t^3+ 24*t^4-10*t^5+ 2*t^6
12n_87,12,3,3,5,4-12*t+ 17*t^2-12*t^3+ 4*t^4
12n_88,12,3,3,4,4-14*t+ 26*t^2-31*t^3+ 26*t^4-14*t^5+ 4*t^6
12n_89,12,4,3,4,1-4*t+ 6*t^2-7*t^3+ 7*t^4-7*t^5+ 6*t^6-4*t^7+ t^8
12n_90,12,4,3,4,1-4*t+ 10*t^2-15*t^3+ 17*t^4-15*t^5+ 10*t^6-4*t^7+ t^8
12n_91,12,4,3,4,1-6*t^2+ 15*t^3-19*t^4+ 15*t^5-6*t^6+ t^8
12n_92,12,4,3,4,1-4*t+ 12*t^2-23*t^3+ 29*t^4-23*t^5+ 12*t^6-4*t^7+ t^8
12n_93,12,4,3,5,1-4*t+ 4*t^2+ t^3-5*t^4+ t^5+ 4*t^6-4*t^7+ t^8
12n_94,12,3,3,5,2-9*t+ 16*t^2-19*t^3+ 16*t^4-9*t^5+ 2*t^6
12n_95,12,3,3,5,2-9*t+ 22*t^2-29*t^3+ 22*t^4-9*t^5+ 2*t^6
12n_96,12,3,3,5,2-3*t+ 3*t^3-3*t^5+ 2*t^6
12n_97,12,3,3,5,1-5*t+ 9*t^2-11*t^3+ 9*t^4-5*t^5+ t^6
12n_98,12,4,3,5,1-6*t+ 14*t^2-17*t^3+ 17*t^4-17*t^5+ 14*t^6-6*t^7+ t^8
12n_99,12,3,3,5,2-12*t+ 32*t^2-43*t^3+ 32*t^4-12*t^5+ 2*t^6
12n_100,12,3,3,5,5-15*t+ 23*t^2-25*t^3+ 23*t^4-15*t^5+ 5*t^6
12n_101,12,3,3,5,1-12*t+ 34*t^2-47*t^3+ 34*t^4-12*t^5+ t^6
12n_102,12,3,3,5,1-4*t+ 4*t^2-3*t^3+ 4*t^4-4*t^5+ t^6
12n_103,12,4,3,4,1-4*t+ 6*t^2-8*t^3+ 9*t^4-8*t^5+ 6*t^6-4*t^7+ t^8
12n_104,12,4,3,4,1-4*t+ 10*t^2-14*t^3+ 15*t^4-14*t^5+ 10*t^6-4*t^7+ t^8
12n_105,12,4,3,4,1-4*t^2+ 8*t^3-9*t^4+ 8*t^5-4*t^6+ t^8
12n_106,12,4,3,4,1-4*t+ 10*t^2-16*t^3+ 19*t^4-16*t^5+ 10*t^6-4*t^7+ t^8
12n_107,12,4,3,4,1-4*t+ 6*t^2-6*t^3+ 5*t^4-6*t^5+ 6*t^6-4*t^7+ t^8
12n_108,12,3,3,5,2-9*t+ 15*t^2-17*t^3+ 15*t^4-9*t^5+ 2*t^6
12n_109,12,3,3,5,2-9*t+ 23*t^2-31*t^3+ 23*t^4-9*t^5+ 2*t^6
12n_110,12,3,3,5,2-t-7*t^2+ 13*t^3-7*t^4-t^5+ 2*t^6
12n_111,12,3,3,5,2-9*t+ 21*t^2-27*t^3+ 21*t^4-9*t^5+ 2*t^6
12n_112,12,3,3,5,2-9*t+ 17*t^2-21*t^3+ 17*t^4-9*t^5+ 2*t^6
12n_113,12,4,3,3,1-3*t+ 7*t^2-10*t^3+ 11*t^4-10*t^5+ 7*t^6-3*t^7+ t^8
12n_114,12,4,3,3,1-5*t+ 9*t^2-12*t^3+ 13*t^4-12*t^5+ 9*t^6-5*t^7+ t^8
12n_115,12,4,3,4,1-t-t^2+ 4*t^3-5*t^4+ 4*t^5-t^6-t^7+ t^8
12n_116,12,3,3,4,2-7*t+ 16*t^2-21*t^3+ 16*t^4-7*t^5+ 2*t^6
12n_117,12,3,3,4,2-11*t+ 22*t^2-27*t^3+ 22*t^4-11*t^5+ 2*t^6
12n_118,12,3,3,5,2-3*t+ 3*t^3-3*t^5+ 2*t^6
12n_119,12,3,3,4,1-3*t+ 3*t^2-3*t^3+ 3*t^4-3*t^5+ t^6
12n_120,12,3,3,4,1-2*t+ 4*t^2-5*t^3+ 4*t^4-2*t^5+ t^6
12n_121,12,2,3,4,1-t^2+ t^4
12n_122,12,4,3,5,1-6*t+ 14*t^2-21*t^3+ 23*t^4-21*t^5+ 14*t^6-6*t^7+ t^8
12n_123,12,3,3,5,2-14*t+ 34*t^2-45*t^3+ 34*t^4-14*t^5+ 2*t^6
12n_124,12,2,3,5,2-3*t+ 2*t^2
12n_125,12,4,3,5,1-6*t+ 14*t^2-17*t^3+ 17*t^4-17*t^5+ 14*t^6-6*t^7+ t^8
12n_126,12,3,3,5,2-12*t+ 32*t^2-43*t^3+ 32*t^4-12*t^5+ 2*t^6
12n_127,12,4,3,5,1-6*t+ 14*t^2-21*t^3+ 23*t^4-21*t^5+ 14*t^6-6*t^7+ t^8
12n_128,12,3,3,5,2-14*t+ 34*t^2-45*t^3+ 34*t^4-14*t^5+ 2*t^6
12n_129,12,3,3,5,2-3*t+ 2*t^2
12n_130,12,3,3,5,2-8*t+ 14*t^2-17*t^3+ 14*t^4-8*t^5+ 2*t^6
12n_131,12,3,3,5,2-10*t+ 24*t^2-31*t^3+ 24*t^4-10*t^5+ 2*t^6
12n_132,12,3,3,5,4-12*t+ 17*t^2-12*t^3+ 4*t^4
12n_133,12,3,3,4,4-14*t+ 26*t^2-31*t^3+ 26*t^4-14*t^5+ 4*t^6
12n_134,12,4,3,4,1-4*t+ 6*t^2-7*t^3+ 7*t^4-7*t^5+ 6*t^6-4*t^7+ t^8
12n_135,12,4,3,4,1-4*t+ 10*t^2-15*t^3+ 17*t^4-15*t^5+ 10*t^6-4*t^7+ t^8
12n_136,12,4,3,4,1-6*t^2+ 15*t^3-19*t^4+ 15*t^5-6*t^6+ t^8
12n_137,12,4,3,4,1-4*t+ 12*t^2-23*t^3+ 29*t^4-23*t^5+ 12*t^6-4*t^7+ t^8
12n_138,12,4,3,5,1-4*t+ 4*t^2+ t^3-5*t^4+ t^5+ 4*t^6-4*t^7+ t^8
12n_139,12,4,3,5,1-5*t+ 11*t^2-12*t^3+ 11*t^4-12*t^5+ 11*t^6-5*t^7+ t^8
12n_140,12,3,3,5,1-9*t+ 27*t^2-37*t^3+ 27*t^4-9*t^5+ t^6
12n_141,12,3,3,5,1-5*t+ 13*t^2-19*t^3+ 13*t^4-5*t^5+ t^6
12n_142,12,3,3,5,1-5*t+ 10*t^2-11*t^3+ 10*t^4-5*t^5+ t^6
12n_143,12,3,3,5,1-3*t+ 2*t^2-t^3+ 2*t^4-3*t^5+ t^6
12n_144,12,3,3,5,1-7*t+ 18*t^2-23*t^3+ 18*t^4-7*t^5+ t^6
12n_145,12,2,3,5,1-6*t+ 11*t^2-6*t^3+ t^4
12n_146,12,2,3,5,2-12*t+ 19*t^2-12*t^3+ 2*t^4
12n_147,12,3,3,4,2-8*t+ 17*t^2-21*t^3+ 17*t^4-8*t^5+ 2*t^6
12n_148,12,3,3,4,1+ t-5*t^2+ 7*t^3-5*t^4+ t^5+ t^6
12n_149,12,2,3,5,2-t-t^2-t^3+ 2*t^4
12n_150,12,4,3,5,1-5*t+ 10*t^2-9*t^3+ 7*t^4-9*t^5+ 10*t^6-5*t^7+ t^8
12n_151,12,3,3,5,1-8*t+ 24*t^2-33*t^3+ 24*t^4-8*t^5+ t^6
12n_152,12,3,3,5,1-6*t+ 16*t^2-23*t^3+ 16*t^4-6*t^5+ t^6
12n_153,12,4,3,4,2-4*t+ 3*t^2+ t^3-3*t^4+ t^5+ 3*t^6-4*t^7+ 2*t^8
12n_154,12,3,3,4,2-6*t+ 10*t^2-11*t^3+ 10*t^4-6*t^5+ 2*t^6
12n_155,12,3,3,4,2-10*t+ 20*t^2-25*t^3+ 20*t^4-10*t^5+ 2*t^6
12n_156,12,4,3,5,1-5*t+ 8*t^2-3*t^3-t^4-3*t^5+ 8*t^6-5*t^7+ t^8
12n_157,12,3,3,5,1-6*t+ 18*t^2-25*t^3+ 18*t^4-6*t^5+ t^6
12n_158,12,3,3,5,1-8*t+ 22*t^2-31*t^3+ 22*t^4-8*t^5+ t^6
12n_159,12,3,3,4,2-6*t+ 12*t^2-15*t^3+ 12*t^4-6*t^5+ 2*t^6
12n_160,12,3,3,5,1-6*t+ 12*t^2-15*t^3+ 12*t^4-6*t^5+ t^6
12n_161,12,3,3,5,1-8*t+ 22*t^2-29*t^3+ 22*t^4-8*t^5+ t^6
12n_162,12,3,3,5,1-6*t+ 14*t^2-19*t^3+ 14*t^4-6*t^5+ t^6
12n_163,12,4,3,5,1-5*t+ 8*t^2-7*t^3+ 5*t^4-7*t^5+ 8*t^6-5*t^7+ t^8
12n_164,12,3,3,5,1-8*t+ 20*t^2-27*t^3+ 20*t^4-8*t^5+ t^6
12n_165,12,3,3,5,1-6*t+ 16*t^2-21*t^3+ 16*t^4-6*t^5+ t^6
12n_166,12,4,3,4,2-4*t+ 5*t^2-6*t^3+ 7*t^4-6*t^5+ 5*t^6-4*t^7+ 2*t^8
12n_167,12,3,3,4,3-9*t+ 14*t^2-15*t^3+ 14*t^4-9*t^5+ 3*t^6
12n_168,12,3,3,4,1-5*t+ 8*t^2-9*t^3+ 8*t^4-5*t^5+ t^6
12n_169,12,3,3,5,4-9*t+ 9*t^2-7*t^3+ 9*t^4-9*t^5+ 4*t^6
12n_170,12,2,3,5,6-20*t+ 29*t^2-20*t^3+ 6*t^4
12n_171,12,2,3,5,2-10*t+ 15*t^2-10*t^3+ 2*t^4
12n_172,12,4,3,5,1-5*t+ 6*t^2-t^3-3*t^4-t^5+ 6*t^6-5*t^7+ t^8
12n_173,12,4,3,5,1-6*t+ 16*t^2-25*t^3+ 27*t^4-25*t^5+ 16*t^6-6*t^7+ t^8
12n_174,12,4,3,5,1-6*t+ 18*t^2-35*t^3+ 45*t^4-35*t^5+ 18*t^6-6*t^7+ t^8
12n_175,12,4,3,5,1-4*t+ 4*t^2+ 5*t^3-11*t^4+ 5*t^5+ 4*t^6-4*t^7+ t^8
12n_176,12,2,3,5,4-16*t+ 23*t^2-16*t^3+ 4*t^4
12n_177,12,3,3,5,4-11*t+ 16*t^2-17*t^3+ 16*t^4-11*t^5+ 4*t^6
12n_178,12,3,3,5,1-9*t+ 24*t^2-33*t^3+ 24*t^4-9*t^5+ t^6
12n_179,12,3,3,5,1-3*t+ 2*t^2-t^3+ 2*t^4-3*t^5+ t^6
12n_180,12,3,3,4,2-10*t+ 22*t^2-29*t^3+ 22*t^4-10*t^5+ 2*t^6
12n_181,12,3,3,4,2-9*t+ 19*t^2-23*t^3+ 19*t^4-9*t^5+ 2*t^6
12n_182,12,4,3,5,1-5*t+ 10*t^2-13*t^3+ 13*t^4-13*t^5+ 10*t^6-5*t^7+ t^8
12n_183,12,3,3,5,1-10*t+ 26*t^2-35*t^3+ 26*t^4-10*t^5+ t^6
12n_184,12,3,3,5,1-4*t+ 10*t^2-13*t^3+ 10*t^4-4*t^5+ t^6
12n_185,12,4,3,4,1-4*t+ 7*t^2-10*t^3+ 11*t^4-10*t^5+ 7*t^6-4*t^7+ t^8
12n_186,12,4,3,4,1-4*t+ 11*t^2-18*t^3+ 21*t^4-18*t^5+ 11*t^6-4*t^7+ t^8
12n_187,12,4,3,4,1-5*t^2+ 12*t^3-15*t^4+ 12*t^5-5*t^6+ t^8
12n_188,12,4,3,4,1-4*t+ 9*t^2-12*t^3+ 13*t^4-12*t^5+ 9*t^6-4*t^7+ t^8
12n_189,12,4,3,4,1-4*t+ 9*t^2-16*t^3+ 19*t^4-16*t^5+ 9*t^6-4*t^7+ t^8
12n_190,12,4,3,3,1-3*t+ 8*t^2-13*t^3+ 15*t^4-13*t^5+ 8*t^6-3*t^7+ t^8
12n_191,12,4,3,3,1-5*t+ 10*t^2-15*t^3+ 17*t^4-15*t^5+ 10*t^6-5*t^7+ t^8
12n_192,12,4,3,4,1-t-2*t^2+ 7*t^3-9*t^4+ 7*t^5-2*t^6-t^7+ t^8
12n_193,12,3,3,4,2-6*t+ 13*t^2-17*t^3+ 13*t^4-6*t^5+ 2*t^6
12n_194,12,3,3,4,2-10*t+ 19*t^2-23*t^3+ 19*t^4-10*t^5+ 2*t^6
12n_195,12,3,3,5,2-4*t+ 3*t^2-t^3+ 3*t^4-4*t^5+ 2*t^6
12n_196,12,3,3,5,2-6*t+ 7*t^2-7*t^3+ 7*t^4-6*t^5+ 2*t^6
12n_197,12,3,3,5,2-10*t+ 25*t^2-33*t^3+ 25*t^4-10*t^5+ 2*t^6
12n_198,12,3,3,5,1-4*t+ 6*t^2-5*t^3+ 6*t^4-4*t^5+ t^6
12n_199,12,3,3,4,1-t+ 2*t^2-3*t^3+ 2*t^4-t^5+ t^6
12n_200,12,2,3,5,2-2*t+ t^2-2*t^3+ 2*t^4
12n_201,12,3,3,5,3-13*t+ 23*t^2-27*t^3+ 23*t^4-13*t^5+ 3*t^6
12n_202,12,3,3,5,3-13*t+ 31*t^2-41*t^3+ 31*t^4-13*t^5+ 3*t^6
12n_203,12,3,3,5,3-5*t+ t^2+ 3*t^3+ t^4-5*t^5+ 3*t^6
12n_204,12,3,3,5,1-9*t+ 22*t^2-29*t^3+ 22*t^4-9*t^5+ t^6
12n_205,12,4,3,5,1-5*t+ 11*t^2-14*t^3+ 15*t^4-14*t^5+ 11*t^6-5*t^7+ t^8
12n_206,12,4,3,5,1-5*t+ 13*t^2-24*t^3+ 29*t^4-24*t^5+ 13*t^6-5*t^7+ t^8
12n_207,12,4,3,5,1-3*t-t^2+ 12*t^3-19*t^4+ 12*t^5-t^6-3*t^7+ t^8
12n_208,12,3,3,4,3-11*t+ 23*t^2-29*t^3+ 23*t^4-11*t^5+ 3*t^6
12n_209,12,3,3,4,3-15*t+ 31*t^2-39*t^3+ 31*t^4-15*t^5+ 3*t^6
12n_210,12,3,3,5,1-t-t^2+ 3*t^3-t^4-t^5+ t^6
12n_211,12,3,3,5,1-6*t+ 12*t^2-13*t^3+ 12*t^4-6*t^5+ t^6
12n_212,12,3,3,4,3-11*t+ 23*t^2-29*t^3+ 23*t^4-11*t^5+ 3*t^6
12n_213,12,3,3,4,3-15*t+ 31*t^2-39*t^3+ 31*t^4-15*t^5+ 3*t^6
12n_214,12,3,3,5,1-t-t^2+ 3*t^3-t^4-t^5+ t^6
12n_215,12,3,3,5,2-8*t+ 13*t^2-15*t^3+ 13*t^4-8*t^5+ 2*t^6
12n_216,12,3,3,5,2-8*t+ 19*t^2-25*t^3+ 19*t^4-8*t^5+ 2*t^6
12n_217,12,3,3,5,2-2*t-3*t^2+ 7*t^3-3*t^4-2*t^5+ 2*t^6
12n_218,12,3,3,5,1-4*t+ 6*t^2-7*t^3+ 6*t^4-4*t^5+ t^6
12n_219,12,4,4,5,1-5*t+ 12*t^2-20*t^3+ 23*t^4-20*t^5+ 12*t^6-5*t^7+ t^8
12n_220,12,4,4,5,1-3*t+ 8*t^3-13*t^4+ 8*t^5-3*t^7+ t^8
12n_221,12,3,4,5,1-2*t+ 3*t^2-2*t^3+ t^4
12n_222,12,3,4,5,2-13*t+ 30*t^2-39*t^3+ 30*t^4-13*t^5+ 2*t^6
12n_223,12,3,4,5,2-11*t+ 26*t^2-33*t^3+ 26*t^4-11*t^5+ 2*t^6
12n_224,12,3,4,5,2-9*t+ 18*t^2-23*t^3+ 18*t^4-9*t^5+ 2*t^6
12n_225,12,2,4,5,3-10*t+ 13*t^2-10*t^3+ 3*t^4
12n_226,12,4,3,5,1-5*t+ 11*t^2-14*t^3+ 15*t^4-14*t^5+ 11*t^6-5*t^7+ t^8
12n_227,12,4,3,5,1-5*t+ 13*t^2-24*t^3+ 29*t^4-24*t^5+ 13*t^6-5*t^7+ t^8
12n_228,12,4,3,5,1-3*t-t^2+ 12*t^3-19*t^4+ 12*t^5-t^6-3*t^7+ t^8
12n_229,12,4,4,5,1-5*t+ 8*t^2-8*t^3+ 7*t^4-8*t^5+ 8*t^6-5*t^7+ t^8
12n_230,12,3,3,6,1-4*t+ 4*t^2-t^3+ 4*t^4-4*t^5+ t^6
12n_231,12,3,3,5,2-8*t+ 11*t^2-8*t^3+ 2*t^4
12n_232,12,2,3,5,2-8*t+ 11*t^2-8*t^3+ 2*t^4
12n_233,12,4,3,3,1-2*t+ 4*t^2-5*t^3+ 5*t^4-5*t^5+ 4*t^6-2*t^7+ t^8
12n_234,12,4,3,3,1-4*t+ 6*t^2-7*t^3+ 7*t^4-7*t^5+ 6*t^6-4*t^7+ t^8
12n_235,12,4,3,3,1-2*t+ 2*t^2-t^3+ t^4-t^5+ 2*t^6-2*t^7+ t^8
12n_236,12,3,3,4,2-5*t+ 10*t^2-13*t^3+ 10*t^4-5*t^5+ 2*t^6
12n_237,12,3,3,4,2-9*t+ 16*t^2-19*t^3+ 16*t^4-9*t^5+ 2*t^6
12n_238,12,3,3,4,2-5*t+ 6*t^2-5*t^3+ 6*t^4-5*t^5+ 2*t^6
12n_239,12,3,3,4,2-5*t+ 9*t^2-11*t^3+ 9*t^4-5*t^5+ 2*t^6
12n_240,12,3,3,4,2-9*t+ 17*t^2-21*t^3+ 17*t^4-9*t^5+ 2*t^6
12n_241,12,3,3,4,2-7*t+ 13*t^2-15*t^3+ 13*t^4-7*t^5+ 2*t^6
12n_242,12,5,3,3,1-t+ t^3-t^4+ t^5-t^6+ t^7-t^9+ t^10
12n_243,12,4,3,4,2-3*t+ t^2+ 2*t^3-3*t^4+ 2*t^5+ t^6-3*t^7+ 2*t^8
12n_244,12,4,3,4,2-4*t+ 4*t^2-2*t^3+ t^4-2*t^5+ 4*t^6-4*t^7+ 2*t^8
12n_245,12,3,3,5,4-8*t+ 6*t^2-3*t^3+ 6*t^4-8*t^5+ 4*t^6
12n_246,12,2,3,5,5-17*t+ 25*t^2-17*t^3+ 5*t^4
12n_247,12,2,3,5,3-13*t+ 19*t^2-13*t^3+ 3*t^4
12n_248,12,2,3,5,3-6*t+ 7*t^2-6*t^3+ 3*t^4
12n_249,12,2,3,5,3-12*t+ 17*t^2-12*t^3+ 3*t^4
12n_250,12,2,3,5,3-10*t+ 15*t^2-10*t^3+ 3*t^4
12n_251,12,3,3,5,3-5*t+ 2*t^2+ t^3+ 2*t^4-5*t^5+ 3*t^6
12n_252,12,3,3,5,2-10*t+ 20*t^2-25*t^3+ 20*t^4-10*t^5+ 2*t^6
12n_253,12,3,3,4,2-6*t+ 12*t^2-15*t^3+ 12*t^4-6*t^5+ 2*t^6
12n_254,12,3,3,4,2-8*t+ 14*t^2-17*t^3+ 14*t^4-8*t^5+ 2*t^6
12n_255,12,3,3,5,2-12*t+ 30*t^2-39*t^3+ 30*t^4-12*t^5+ 2*t^6
12n_256,12,3,3,5,2-6*t+ 9*t^2-6*t^3+ 2*t^4
12n_257,12,3,3,4,2-6*t+ 9*t^2-6*t^3+ 2*t^4
12n_258,12,2,3,5,1-4*t+ 5*t^2-4*t^3+ t^4
12n_259,12,3,3,4,4-12*t+ 20*t^2-23*t^3+ 20*t^4-12*t^5+ 4*t^6
12n_260,12,2,3,5,3-5*t+ 5*t^2-5*t^3+ 3*t^4
12n_261,12,4,4,5,1-5*t+ 10*t^2-12*t^3+ 13*t^4-12*t^5+ 10*t^6-5*t^7+ t^8
12n_262,12,3,3,5,2-10*t+ 20*t^2-25*t^3+ 20*t^4-10*t^5+ 2*t^6
12n_263,12,3,3,5,2-12*t+ 30*t^2-39*t^3+ 30*t^4-12*t^5+ 2*t^6
12n_264,12,3,3,5,2-6*t+ 9*t^2-6*t^3+ 2*t^4
12n_265,12,3,3,5,2-8*t+ 14*t^2-15*t^3+ 14*t^4-8*t^5+ 2*t^6
12n_266,12,3,3,5,2-10*t+ 24*t^2-33*t^3+ 24*t^4-10*t^5+ 2*t^6
12n_267,12,3,3,5,4-16*t+ 23*t^2-16*t^3+ 4*t^4
12n_268,12,2,3,6,2-5*t+ 2*t^2
12n_269,12,3,3,5,1-9*t+ 28*t^2-41*t^3+ 28*t^4-9*t^5+ t^6
12n_270,12,2,3,5,3-16*t+ 25*t^2-16*t^3+ 3*t^4
12n_271,12,3,3,5,1-5*t+ 12*t^2-17*t^3+ 12*t^4-5*t^5+ t^6
12n_272,12,3,3,5,1-7*t+ 20*t^2-27*t^3+ 20*t^4-7*t^5+ t^6
12n_273,12,3,3,5,1-3*t+ 3*t^3-3*t^5+ t^6
12n_274,12,2,3,5,3-14*t+ 21*t^2-14*t^3+ 3*t^4
12n_275,12,2,3,5,2-9*t+ 15*t^2-9*t^3+ 2*t^4
12n_276,12,3,3,4,1+ t-7*t^2+ 11*t^3-7*t^4+ t^5+ t^6
12n_277,12,3,3,4,2-8*t+ 15*t^2-17*t^3+ 15*t^4-8*t^5+ 2*t^6
12n_278,12,2,3,5,4-16*t+ 25*t^2-16*t^3+ 4*t^4
12n_279,12,2,3,5,1-6*t+ 11*t^2-6*t^3+ t^4
12n_280,12,3,3,5,1-6*t+ 12*t^2-13*t^3+ 12*t^4-6*t^5+ t^6
12n_281,12,3,3,5,1-6*t+ 18*t^2-27*t^3+ 18*t^4-6*t^5+ t^6
12n_282,12,2,3,5,1-5*t+ 9*t^2-5*t^3+ t^4
12n_283,12,4,3,5,1-6*t+ 14*t^2-16*t^3+ 13*t^4-16*t^5+ 14*t^6-6*t^7+ t^8
12n_284,12,3,3,4,1-5*t+ 13*t^2-19*t^3+ 13*t^4-5*t^5+ t^6
12n_285,12,3,3,5,1-5*t+ 9*t^2-9*t^3+ 9*t^4-5*t^5+ t^6
12n_286,12,2,3,5,2-11*t+ 19*t^2-11*t^3+ 2*t^4
12n_287,12,4,3,5,1-6*t+ 15*t^2-22*t^3+ 23*t^4-22*t^5+ 15*t^6-6*t^7+ t^8
12n_288,12,2,3,5,4-12*t+ 17*t^2-12*t^3+ 4*t^4
12n_289,12,3,3,5,4-12*t+ 19*t^2-21*t^3+ 19*t^4-12*t^5+ 4*t^6
12n_290,12,3,3,4,1-7*t+ 16*t^2-21*t^3+ 16*t^4-7*t^5+ t^6
12n_291,12,3,3,4,3-11*t+ 22*t^2-27*t^3+ 22*t^4-11*t^5+ 3*t^6
12n_292,12,4,3,4,2-4*t+ 2*t^2+ 4*t^3-7*t^4+ 4*t^5+ 2*t^6-4*t^7+ 2*t^8
12n_293,12,2,3,4,2-3*t+ 2*t^2
12n_294,12,4,3,5,1-5*t+ 8*t^2-6*t^3+ 5*t^4-6*t^5+ 8*t^6-5*t^7+ t^8
12n_295,12,3,3,5,1-9*t+ 26*t^2-35*t^3+ 26*t^4-9*t^5+ t^6
12n_296,12,4,3,5,1-5*t+ 8*t^2-4*t^3+ t^4-4*t^5+ 8*t^6-5*t^7+ t^8
12n_297,12,3,3,6,2-11*t+ 22*t^2-25*t^3+ 22*t^4-11*t^5+ 2*t^6
12n_298,12,3,3,5,1-7*t+ 21*t^2-31*t^3+ 21*t^4-7*t^5+ t^6
12n_299,12,3,3,5,3-12*t+ 18*t^2-19*t^3+ 18*t^4-12*t^5+ 3*t^6
12n_300,12,3,3,5,1-7*t+ 18*t^2-25*t^3+ 18*t^4-7*t^5+ t^6
12n_301,12,4,3,5,1-5*t+ 10*t^2-12*t^3+ 11*t^4-12*t^5+ 10*t^6-5*t^7+ t^8
12n_302,12,3,3,5,1-9*t+ 27*t^2-37*t^3+ 27*t^4-9*t^5+ t^6
12n_303,12,3,3,4,1-5*t+ 9*t^2-11*t^3+ 9*t^4-5*t^5+ t^6
12n_304,12,3,3,4,3-9*t+ 15*t^2-17*t^3+ 15*t^4-9*t^5+ 3*t^6
12n_305,12,4,3,4,2-4*t+ 4*t^2-3*t^3+ 3*t^4-3*t^5+ 4*t^6-4*t^7+ 2*t^8
12n_306,12,2,3,5,2-9*t+ 13*t^2-9*t^3+ 2*t^4
12n_307,12,2,3,5,6-19*t+ 27*t^2-19*t^3+ 6*t^4
12n_308,12,3,3,5,4-10*t+ 12*t^2-11*t^3+ 12*t^4-10*t^5+ 4*t^6
12n_309,12,3,3,4,1-t-t^2+ 3*t^3-t^4-t^5+ t^6
12n_310,12,2,3,5,2-5*t+ 7*t^2-5*t^3+ 2*t^4
12n_311,12,2,3,5,3-13*t+ 19*t^2-13*t^3+ 3*t^4
12n_312,12,3,3,5,1-5*t+ 11*t^2-15*t^3+ 11*t^4-5*t^5+ t^6
12n_313,12,2,3,5,1
12n_314,12,3,3,4,1-6*t+ 13*t^2-15*t^3+ 13*t^4-6*t^5+ t^6
12n_315,12,3,3,4,1-6*t+ 14*t^2-19*t^3+ 14*t^4-6*t^5+ t^6
12n_316,12,3,3,4,1-7*t+ 15*t^2-19*t^3+ 15*t^4-7*t^5+ t^6
12n_317,12,3,3,4,2-9*t+ 19*t^2-25*t^3+ 19*t^4-9*t^5+ 2*t^6
12n_318,12,3,3,4,1-t-t^2+ 3*t^3-t^4-t^5+ t^6
12n_319,12,3,3,4,2-6*t+ 8*t^2-9*t^3+ 8*t^4-6*t^5+ 2*t^6
12n_320,12,3,3,4,2-11*t+ 25*t^2-33*t^3+ 25*t^4-11*t^5+ 2*t^6
12n_321,12,2,3,4,3-5*t+ 3*t^2
12n_322,12,2,3,5,2-6*t+ 7*t^2-6*t^3+ 2*t^4
12n_323,12,2,3,4,4-13*t+ 19*t^2-13*t^3+ 4*t^4
12n_324,12,2,3,5,5-17*t+ 23*t^2-17*t^3+ 5*t^4
12n_325,12,3,3,4,2-11*t+ 26*t^2-35*t^3+ 26*t^4-11*t^5+ 2*t^6
12n_326,12,4,3,4,1-4*t+ 8*t^2-9*t^3+ 9*t^4-9*t^5+ 8*t^6-4*t^7+ t^8
12n_327,12,4,3,4,1-4*t+ 9*t^2-11*t^3+ 11*t^4-11*t^5+ 9*t^6-4*t^7+ t^8
12n_328,12,4,3,4,1-3*t^2+ 5*t^3-5*t^4+ 5*t^5-3*t^6+ t^8
12n_329,12,3,3,4,1+ t-6*t^2+ 9*t^3-6*t^4+ t^5+ t^6
12n_330,12,3,3,4,2-9*t+ 20*t^2-25*t^3+ 20*t^4-9*t^5+ 2*t^6
12n_331,12,3,3,5,2-7*t+ 9*t^2-9*t^3+ 9*t^4-7*t^5+ 2*t^6
12n_332,12,2,3,5,2-2*t+ t^2-2*t^3+ 2*t^4
12n_333,12,2,3,5,3-11*t+ 17*t^2-11*t^3+ 3*t^4
12n_334,12,2,3,5,4-16*t+ 23*t^2-16*t^3+ 4*t^4
12n_335,12,3,3,4,2-10*t+ 22*t^2-27*t^3+ 22*t^4-10*t^5+ 2*t^6
12n_336,12,3,3,5,1-2*t+ t^3-2*t^5+ t^6
12n_337,12,3,3,5,1-9*t+ 25*t^2-33*t^3+ 25*t^4-9*t^5+ t^6
12n_338,12,4,3,4,2-4*t+ 4*t^2-2*t^3+ t^4-2*t^5+ 4*t^6-4*t^7+ 2*t^8
12n_339,12,3,3,4,3-11*t+ 21*t^2-25*t^3+ 21*t^4-11*t^5+ 3*t^6
12n_340,12,3,3,4,1-3*t+ 3*t^2-3*t^3+ 3*t^4-3*t^5+ t^6
12n_341,12,3,3,5,4-10*t+ 13*t^2-13*t^3+ 13*t^4-10*t^5+ 4*t^6
12n_342,12,2,3,5,4-13*t+ 19*t^2-13*t^3+ 4*t^4
12n_343,12,2,3,5,4-15*t+ 21*t^2-15*t^3+ 4*t^4
12n_344,12,4,3,3,1-4*t+ 10*t^2-15*t^3+ 17*t^4-15*t^5+ 10*t^6-4*t^7+ t^8
12n_345,12,4,3,3,1-4*t+ 8*t^2-13*t^3+ 15*t^4-13*t^5+ 8*t^6-4*t^7+ t^8
12n_346,12,4,3,4,1-2*t+ 2*t^2-t^3+ t^4-t^5+ 2*t^6-2*t^7+ t^8
12n_347,12,3,3,4,1-3*t+ 7*t^2-9*t^3+ 7*t^4-3*t^5+ t^6
12n_348,12,3,3,5,1-7*t+ 19*t^2-25*t^3+ 19*t^4-7*t^5+ t^6
12n_349,12,3,3,5,1-4*t+ 2*t^2+ t^3+ 2*t^4-4*t^5+ t^6
12n_350,12,3,3,5,1-8*t+ 25*t^2-35*t^3+ 25*t^4-8*t^5+ t^6
12n_351,12,3,3,5,1-5*t+ 7*t^2-5*t^3+ 7*t^4-5*t^5+ t^6
12n_352,12,3,3,5,1-3*t+ t^2+ 3*t^3+ t^4-3*t^5+ t^6
12n_353,12,3,3,5,1-9*t+ 25*t^2-33*t^3+ 25*t^4-9*t^5+ t^6
12n_354,12,3,3,5,1-4*t+ 5*t^2-3*t^3+ 5*t^4-4*t^5+ t^6
12n_355,12,3,3,5,1-3*t+ 2*t^2+ t^3+ 2*t^4-3*t^5+ t^6
12n_356,12,3,3,5,1-5*t+ 14*t^2-21*t^3+ 14*t^4-5*t^5+ t^6
12n_357,12,3,3,5,1-9*t+ 24*t^2-31*t^3+ 24*t^4-9*t^5+ t^6
12n_358,12,2,3,4,3-11*t+ 15*t^2-11*t^3+ 3*t^4
12n_359,12,2,3,6,3-17*t+ 29*t^2-17*t^3+ 3*t^4
12n_360,12,2,3,5,3-12*t+ 19*t^2-12*t^3+ 3*t^4
12n_361,12,3,3,5,3-11*t+ 15*t^2-15*t^3+ 15*t^4-11*t^5+ 3*t^6
12n_362,12,3,3,4,1-4*t+ 7*t^2-7*t^3+ 7*t^4-4*t^5+ t^6
12n_363,12,3,3,5,1-8*t+ 21*t^2-27*t^3+ 21*t^4-8*t^5+ t^6
12n_364,12,3,3,5,2-11*t+ 23*t^2-27*t^3+ 23*t^4-11*t^5+ 2*t^6
12n_365,12,3,3,5,2-11*t+ 23*t^2-27*t^3+ 23*t^4-11*t^5+ 2*t^6
12n_366,12,3,3,4,1+ 2*t-8*t^2+ 11*t^3-8*t^4+ 2*t^5+ t^6
12n_367,12,3,3,5,1-10*t+ 30*t^2-43*t^3+ 30*t^4-10*t^5+ t^6
12n_368,12,4,3,4,1-4*t+ 5*t^2-3*t^3+ t^4-3*t^5+ 5*t^6-4*t^7+ t^8
12n_369,12,4,3,4,1-4*t+ 9*t^2-15*t^3+ 17*t^4-15*t^5+ 9*t^6-4*t^7+ t^8
12n_370,12,3,3,4,1-2*t+ t^3-2*t^5+ t^6
12n_371,12,3,3,4,1-2*t+ 2*t^2-t^3+ 2*t^4-2*t^5+ t^6
12n_372,12,3,3,4,1-4*t+ 10*t^2-13*t^3+ 10*t^4-4*t^5+ t^6
12n_373,12,3,3,4,1-8*t+ 18*t^2-23*t^3+ 18*t^4-8*t^5+ t^6
12n_374,12,4,3,4,2-3*t+ 6*t^3-9*t^4+ 6*t^5-3*t^7+ 2*t^8
12n_375,12,3,3,4,1-6*t+ 13*t^2-17*t^3+ 13*t^4-6*t^5+ t^6
12n_376,12,4,3,4,1-4*t+ 10*t^2-19*t^3+ 23*t^4-19*t^5+ 10*t^6-4*t^7+ t^8
12n_377,12,3,3,4,1-4*t+ 9*t^2-11*t^3+ 9*t^4-4*t^5+ t^6
12n_378,12,3,3,4,3-12*t+ 24*t^2-29*t^3+ 24*t^4-12*t^5+ 3*t^6
12n_379,12,3,3,4,2-7*t+ 14*t^2-17*t^3+ 14*t^4-7*t^5+ 2*t^6
12n_380,12,3,3,4,2-9*t+ 18*t^2-23*t^3+ 18*t^4-9*t^5+ 2*t^6
12n_381,12,2,3,5,3-15*t+ 23*t^2-15*t^3+ 3*t^4
12n_382,12,2,3,5,1-5*t+ 7*t^2-5*t^3+ t^4
12n_383,12,2,3,5,3-13*t+ 19*t^2-13*t^3+ 3*t^4
12n_384,12,3,3,5,3-13*t+ 25*t^2-31*t^3+ 25*t^4-13*t^5+ 3*t^6
12n_385,12,3,3,4,1-7*t+ 17*t^2-23*t^3+ 17*t^4-7*t^5+ t^6
12n_386,12,4,3,4,2-4*t+ 3*t^2+ 2*t^3-5*t^4+ 2*t^5+ 3*t^6-4*t^7+ 2*t^8
12n_387,12,4,3,5,1-5*t+ 6*t^2-2*t^3-t^4-2*t^5+ 6*t^6-5*t^7+ t^8
12n_388,12,3,3,5,1-5*t+ 10*t^2-13*t^3+ 10*t^4-5*t^5+ t^6
12n_389,12,3,3,5,1-9*t+ 24*t^2-31*t^3+ 24*t^4-9*t^5+ t^6
12n_390,12,3,3,4,1-6*t+ 14*t^2-17*t^3+ 14*t^4-6*t^5+ t^6
12n_391,12,3,3,5,3-12*t+ 26*t^2-33*t^3+ 26*t^4-12*t^5+ 3*t^6
12n_392,12,3,3,5,1-8*t+ 24*t^2-33*t^3+ 24*t^4-8*t^5+ t^6
12n_393,12,2,3,5,3-12*t+ 19*t^2-12*t^3+ 3*t^4
12n_394,12,2,3,5,1-6*t+ 11*t^2-6*t^3+ t^4
12n_395,12,3,3,5,1-8*t+ 18*t^2-23*t^3+ 18*t^4-8*t^5+ t^6
12n_396,12,3,3,5,1-7*t+ 16*t^2-19*t^3+ 16*t^4-7*t^5+ t^6
12n_397,12,3,3,5,1-5*t+ 11*t^2-15*t^3+ 11*t^4-5*t^5+ t^6
12n_398,12,3,3,5,1-4*t+ 4*t^2-3*t^3+ 4*t^4-4*t^5+ t^6
12n_399,12,3,3,5,1-7*t+ 19*t^2-27*t^3+ 19*t^4-7*t^5+ t^6
12n_400,12,3,3,5,1-8*t+ 23*t^2-31*t^3+ 23*t^4-8*t^5+ t^6
12n_401,12,3,3,5,1-7*t+ 21*t^2-29*t^3+ 21*t^4-7*t^5+ t^6
12n_402,12,3,3,4,1+ t-3*t^2+ 3*t^3-3*t^4+ t^5+ t^6
12n_403,12,3,3,4,1-3*t+ t^2+ t^3+ t^4-3*t^5+ t^6
12n_404,12,2,3,5,2+ t-5*t^2+ t^3+ 2*t^4
12n_405,12,4,3,5,1-6*t+ 13*t^2-12*t^3+ 9*t^4-12*t^5+ 13*t^6-6*t^7+ t^8
12n_406,12,3,3,5,5-13*t+ 16*t^2-15*t^3+ 16*t^4-13*t^5+ 5*t^6
12n_407,12,3,3,4,1-5*t+ 8*t^2-9*t^3+ 8*t^4-5*t^5+ t^6
12n_408,12,3,3,5,1-9*t+ 24*t^2-33*t^3+ 24*t^4-9*t^5+ t^6
12n_409,12,3,3,4,1-3*t+ 9*t^2-13*t^3+ 9*t^4-3*t^5+ t^6
12n_410,12,3,3,5,2-10*t+ 26*t^2-35*t^3+ 26*t^4-10*t^5+ 2*t^6
12n_411,12,2,3,5,5-9*t+ 5*t^2
12n_412,12,3,3,4,2-8*t+ 17*t^2-21*t^3+ 17*t^4-8*t^5+ 2*t^6
12n_413,12,3,3,4,2-8*t+ 17*t^2-21*t^3+ 17*t^4-8*t^5+ 2*t^6
12n_414,12,2,3,5,2-6*t+ 9*t^2-6*t^3+ 2*t^4
12n_415,12,3,3,4,2-10*t+ 24*t^2-31*t^3+ 24*t^4-10*t^5+ 2*t^6
12n_416,12,4,3,4,1-4*t+ 10*t^2-15*t^3+ 17*t^4-15*t^5+ 10*t^6-4*t^7+ t^8
12n_417,12,4,3,3,1-4*t^2+ 9*t^3-11*t^4+ 9*t^5-4*t^6+ t^8
12n_418,12,4,3,4,1-4*t+ 4*t^2-t^3-t^4-t^5+ 4*t^6-4*t^7+ t^8
12n_419,12,4,3,4,1-4*t+ 3*t^2+ 3*t^3-7*t^4+ 3*t^5+ 3*t^6-4*t^7+ t^8
12n_420,12,3,3,5,1-7*t+ 19*t^2-27*t^3+ 19*t^4-7*t^5+ t^6
12n_421,12,3,3,5,2-11*t+ 27*t^2-37*t^3+ 27*t^4-11*t^5+ 2*t^6
12n_422,12,3,3,5,2-11*t+ 27*t^2-37*t^3+ 27*t^4-11*t^5+ 2*t^6
12n_423,12,3,3,5,1-3*t+ 3*t^2-t^3+ 3*t^4-3*t^5+ t^6
12n_424,12,4,3,4,1-5*t+ 12*t^2-19*t^3+ 21*t^4-19*t^5+ 12*t^6-5*t^7+ t^8
12n_425,12,4,3,4,1-4*t+ 7*t^2-4*t^3+ t^4-4*t^5+ 7*t^6-4*t^7+ t^8
12n_426,12,4,3,4,1-3*t^2+ 4*t^3-3*t^4+ 4*t^5-3*t^6+ t^8
12n_427,12,4,3,4,1-5*t+ 14*t^2-23*t^3+ 27*t^4-23*t^5+ 14*t^6-5*t^7+ t^8
12n_428,12,4,3,4,1-4*t+ 5*t^2-4*t^3+ 3*t^4-4*t^5+ 5*t^6-4*t^7+ t^8
12n_429,12,2,3,5,4-18*t+ 27*t^2-18*t^3+ 4*t^4
12n_430,12,2,3,5,1
12n_431,12,3,3,5,1-8*t+ 24*t^2-35*t^3+ 24*t^4-8*t^5+ t^6
12n_432,12,2,3,5,3-4*t+ 3*t^2-4*t^3+ 3*t^4
12n_433,12,3,3,5,1-2*t-4*t^2+ 9*t^3-4*t^4-2*t^5+ t^6
12n_434,12,3,3,5,1-6*t+ 15*t^2-21*t^3+ 15*t^4-6*t^5+ t^6
12n_435,12,3,3,5,1-6*t+ 13*t^2-17*t^3+ 13*t^4-6*t^5+ t^6
12n_436,12,3,3,5,1-5*t+ 6*t^2-5*t^3+ 6*t^4-5*t^5+ t^6
12n_437,12,3,3,5,1+ t-8*t^2+ 13*t^3-8*t^4+ t^5+ t^6
12n_438,12,3,3,4,1-3*t+ 4*t^2-5*t^3+ 4*t^4-3*t^5+ t^6
12n_439,12,3,3,4,1-t+ t^3-t^5+ t^6
12n_440,12,3,3,4,2-9*t+ 18*t^2-23*t^3+ 18*t^4-9*t^5+ 2*t^6
12n_441,12,3,3,4,1-9*t+ 22*t^2-29*t^3+ 22*t^4-9*t^5+ t^6
12n_442,12,2,3,5,3-10*t+ 13*t^2-10*t^3+ 3*t^4
12n_443,12,2,3,4,3-8*t+ 11*t^2-8*t^3+ 3*t^4
12n_444,12,2,3,5,2-7*t+ 9*t^2-7*t^3+ 2*t^4
12n_445,12,3,3,5,2-13*t+ 30*t^2-39*t^3+ 30*t^4-13*t^5+ 2*t^6
12n_446,12,3,3,5,1-2*t-3*t^2+ 7*t^3-3*t^4-2*t^5+ t^6
12n_447,12,3,3,4,2-8*t+ 16*t^2-21*t^3+ 16*t^4-8*t^5+ 2*t^6
12n_448,12,4,3,5,1-6*t+ 14*t^2-21*t^3+ 25*t^4-21*t^5+ 14*t^6-6*t^7+ t^8
12n_449,12,3,3,5,1-4*t+ 8*t^2-9*t^3+ 8*t^4-4*t^5+ t^6
12n_450,12,3,3,5,1-8*t+ 23*t^2-31*t^3+ 23*t^4-8*t^5+ t^6
12n_451,12,3,3,4,1-3*t+ 8*t^2-11*t^3+ 8*t^4-3*t^5+ t^6
12n_452,12,2,3,4,4-14*t+ 19*t^2-14*t^3+ 4*t^4
12n_453,12,3,3,5,5-15*t+ 24*t^2-27*t^3+ 24*t^4-15*t^5+ 5*t^6
12n_454,12,3,3,4,1-4*t+ 11*t^2-15*t^3+ 11*t^4-4*t^5+ t^6
12n_455,12,3,3,4,3-12*t+ 21*t^2-25*t^3+ 21*t^4-12*t^5+ 3*t^6
12n_456,12,3,3,5,1-5*t^2+ 9*t^3-5*t^4+ t^6
12n_457,12,2,3,5,3-5*t+ 3*t^2
12n_458,12,4,3,5,1-6*t+ 16*t^2-26*t^3+ 31*t^4-26*t^5+ 16*t^6-6*t^7+ t^8
12n_459,12,4,3,5,1-6*t+ 15*t^2-20*t^3+ 21*t^4-20*t^5+ 15*t^6-6*t^7+ t^8
12n_460,12,3,3,5,1-6*t+ 15*t^2-19*t^3+ 15*t^4-6*t^5+ t^6
12n_461,12,3,3,5,1-7*t+ 20*t^2-29*t^3+ 20*t^4-7*t^5+ t^6
12n_462,12,2,3,5,1-6*t+ 11*t^2-6*t^3+ t^4
12n_463,12,3,3,5,1-7*t+ 18*t^2-25*t^3+ 18*t^4-7*t^5+ t^6
12n_464,12,2,3,4,1-4*t+ 5*t^2-4*t^3+ t^4
12n_465,12,4,3,5,1-6*t+ 13*t^2-15*t^3+ 13*t^4-15*t^5+ 13*t^6-6*t^7+ t^8
12n_466,12,4,3,3,1-3*t+ 7*t^2-10*t^3+ 11*t^4-10*t^5+ 7*t^6-3*t^7+ t^8
12n_467,12,4,3,3,1-3*t+ 5*t^2-8*t^3+ 9*t^4-8*t^5+ 5*t^6-3*t^7+ t^8
12n_468,12,4,3,3,1-3*t+ 5*t^2-6*t^3+ 7*t^4-6*t^5+ 5*t^6-3*t^7+ t^8
12n_469,12,3,3,4,2-6*t+ 12*t^2-15*t^3+ 12*t^4-6*t^5+ 2*t^6
12n_470,12,3,3,4,2-6*t+ 8*t^2-9*t^3+ 8*t^4-6*t^5+ 2*t^6
12n_471,12,3,3,4,2-8*t+ 16*t^2-19*t^3+ 16*t^4-8*t^5+ 2*t^6
12n_472,12,5,3,3,1-t+ 2*t^3-4*t^4+ 5*t^5-4*t^6+ 2*t^7-t^9+ t^10
12n_473,12,4,3,4,2-3*t+ t^2+ 3*t^3-5*t^4+ 3*t^5+ t^6-3*t^7+ 2*t^8
12n_474,12,4,3,4,2-3*t+ 2*t^2-t^3+ t^4-t^5+ 2*t^6-3*t^7+ 2*t^8
12n_475,12,3,3,4,1-2*t+ t^2+ t^3+ t^4-2*t^5+ t^6
12n_476,12,3,3,4,3-10*t+ 15*t^2-17*t^3+ 15*t^4-10*t^5+ 3*t^6
12n_477,12,3,3,5,4-8*t+ 7*t^2-5*t^3+ 7*t^4-8*t^5+ 4*t^6
12n_478,12,2,3,5,2-7*t+ 11*t^2-7*t^3+ 2*t^4
12n_479,12,2,3,5,6-21*t+ 29*t^2-21*t^3+ 6*t^4
12n_480,12,3,3,5,1-6*t+ 19*t^2-29*t^3+ 19*t^4-6*t^5+ t^6
12n_481,12,3,3,5,1-5*t+ 15*t^2-23*t^3+ 15*t^4-5*t^5+ t^6
12n_482,12,3,3,4,1-6*t+ 15*t^2-21*t^3+ 15*t^4-6*t^5+ t^6
12n_483,12,2,3,4,1-4*t+ 5*t^2-4*t^3+ t^4
12n_484,12,3,3,4,1-5*t+ 12*t^2-15*t^3+ 12*t^4-5*t^5+ t^6
12n_485,12,3,3,4,2-8*t+ 16*t^2-19*t^3+ 16*t^4-8*t^5+ 2*t^6
12n_486,12,3,3,4,2-7*t+ 12*t^2-13*t^3+ 12*t^4-7*t^5+ 2*t^6
12n_487,12,3,3,4,1-t-4*t^2+ 7*t^3-4*t^4-t^5+ t^6
12n_488,12,3,3,4,1-t-2*t^2+ 5*t^3-2*t^4-t^5+ t^6
12n_489,12,3,3,5,2-11*t+ 28*t^2-37*t^3+ 28*t^4-11*t^5+ 2*t^6
12n_490,12,2,3,5,5-19*t+ 29*t^2-19*t^3+ 5*t^4
12n_491,12,3,3,5,1-7*t+ 16*t^2-21*t^3+ 16*t^4-7*t^5+ t^6
12n_492,12,3,3,4,2-9*t+ 20*t^2-27*t^3+ 20*t^4-9*t^5+ 2*t^6
12n_493,12,3,3,4,2-9*t+ 21*t^2-29*t^3+ 21*t^4-9*t^5+ 2*t^6
12n_494,12,4,3,5,1-5*t+ 8*t^2-6*t^3+ 5*t^4-6*t^5+ 8*t^6-5*t^7+ t^8
12n_495,12,3,3,5,1-3*t+ 6*t^2-7*t^3+ 6*t^4-3*t^5+ t^6
12n_496,12,3,3,5,1-11*t+ 28*t^2-37*t^3+ 28*t^4-11*t^5+ t^6
12n_497,12,3,3,5,1-9*t+ 25*t^2-35*t^3+ 25*t^4-9*t^5+ t^6
12n_498,12,2,3,5,5-20*t+ 29*t^2-20*t^3+ 5*t^4
12n_499,12,3,3,5,1-5*t+ 10*t^2-13*t^3+ 10*t^4-5*t^5+ t^6
12n_500,12,3,3,4,2-6*t+ 11*t^2-13*t^3+ 11*t^4-6*t^5+ 2*t^6
12n_501,12,2,3,5,4-12*t+ 17*t^2-12*t^3+ 4*t^4
12n_502,12,4,3,4,2-3*t+ t^2+ t^3-t^4+ t^5+ t^6-3*t^7+ 2*t^8
12n_503,12,3,3,5,4-8*t+ 5*t^2-t^3+ 5*t^4-8*t^5+ 4*t^6
12n_504,12,4,3,5,1-6*t+ 15*t^2-24*t^3+ 29*t^4-24*t^5+ 15*t^6-6*t^7+ t^8
12n_505,12,3,3,5,1-8*t+ 24*t^2-33*t^3+ 24*t^4-8*t^5+ t^6
12n_506,12,3,3,5,1-6*t+ 14*t^2-17*t^3+ 14*t^4-6*t^5+ t^6
12n_507,12,3,3,5,1-7*t+ 18*t^2-23*t^3+ 18*t^4-7*t^5+ t^6
12n_508,12,4,3,4,1-4*t+ 10*t^2-16*t^3+ 19*t^4-16*t^5+ 10*t^6-4*t^7+ t^8
12n_509,12,4,3,5,1-5*t+ 8*t^2-7*t^3+ 7*t^4-7*t^5+ 8*t^6-5*t^7+ t^8
12n_510,12,3,3,5,1-11*t+ 29*t^2-39*t^3+ 29*t^4-11*t^5+ t^6
12n_511,12,3,3,4,2-9*t+ 19*t^2-25*t^3+ 19*t^4-9*t^5+ 2*t^6
12n_512,12,3,3,4,2-7*t+ 15*t^2-19*t^3+ 15*t^4-7*t^5+ 2*t^6
12n_513,12,3,3,4,2-13*t+ 29*t^2-37*t^3+ 29*t^4-13*t^5+ 2*t^6
12n_514,12,3,3,4,1-3*t+ 8*t^2-11*t^3+ 8*t^4-3*t^5+ t^6
12n_515,12,3,3,5,2-10*t+ 20*t^2-25*t^3+ 20*t^4-10*t^5+ 2*t^6
12n_516,12,3,3,5,2-11*t+ 22*t^2-27*t^3+ 22*t^4-11*t^5+ 2*t^6
12n_517,12,4,3,4,1-4*t+ 11*t^2-21*t^3+ 27*t^4-21*t^5+ 11*t^6-4*t^7+ t^8
12n_518,12,4,3,4,1-6*t^2+ 16*t^3-21*t^4+ 16*t^5-6*t^6+ t^8
12n_519,12,2,3,5,2-3*t+ 2*t^2
12n_520,12,2,3,5,4-18*t+ 27*t^2-18*t^3+ 4*t^4
12n_521,12,4,3,5,1-6*t+ 14*t^2-18*t^3+ 17*t^4-18*t^5+ 14*t^6-6*t^7+ t^8
12n_522,12,3,3,4,1-2*t+ 5*t^2-7*t^3+ 5*t^4-2*t^5+ t^6
12n_523,12,2,3,5,2-3*t+ 3*t^2-3*t^3+ 2*t^4
12n_524,12,3,3,6,2-11*t+ 21*t^2-23*t^3+ 21*t^4-11*t^5+ 2*t^6
12n_525,12,3,3,6,1-8*t+ 28*t^2-43*t^3+ 28*t^4-8*t^5+ t^6
12n_526,12,4,3,4,1-4*t+ 6*t^2-3*t^3+ t^4-3*t^5+ 6*t^6-4*t^7+ t^8
12n_527,12,3,3,5,3-12*t+ 20*t^2-23*t^3+ 20*t^4-12*t^5+ 3*t^6
12n_528,12,3,3,4,1+ 2*t-10*t^2+ 15*t^3-10*t^4+ 2*t^5+ t^6
12n_529,12,3,3,5,1-10*t+ 28*t^2-37*t^3+ 28*t^4-10*t^5+ t^6
12n_530,12,3,3,5,2-10*t+ 19*t^2-21*t^3+ 19*t^4-10*t^5+ 2*t^6
12n_531,12,4,3,4,1-4*t+ 11*t^2-20*t^3+ 25*t^4-20*t^5+ 11*t^6-4*t^7+ t^8
12n_532,12,3,3,5,2-11*t+ 29*t^2-41*t^3+ 29*t^4-11*t^5+ 2*t^6
12n_533,12,4,3,4,1-4*t+ 8*t^2-12*t^3+ 13*t^4-12*t^5+ 8*t^6-4*t^7+ t^8
12n_534,12,3,3,4,2-11*t+ 25*t^2-33*t^3+ 25*t^4-11*t^5+ 2*t^6
12n_535,12,2,3,5,1-7*t+ 11*t^2-7*t^3+ t^4
12n_536,12,3,3,4,1-7*t+ 19*t^2-27*t^3+ 19*t^4-7*t^5+ t^6
12n_537,12,3,3,5,2-12*t+ 27*t^2-33*t^3+ 27*t^4-12*t^5+ 2*t^6
12n_538,12,4,3,4,1-5*t+ 10*t^2-11*t^3+ 11*t^4-11*t^5+ 10*t^6-5*t^7+ t^8
12n_539,12,4,3,4,1-5*t+ 14*t^2-27*t^3+ 33*t^4-27*t^5+ 14*t^6-5*t^7+ t^8
12n_540,12,3,3,4,2-10*t+ 21*t^2-25*t^3+ 21*t^4-10*t^5+ 2*t^6
12n_541,12,3,3,4,2-9*t+ 19*t^2-23*t^3+ 19*t^4-9*t^5+ 2*t^6
12n_542,12,3,3,5,1-9*t+ 28*t^2-39*t^3+ 28*t^4-9*t^5+ t^6
12n_543,12,3,3,4,1-5*t+ 15*t^2-21*t^3+ 15*t^4-5*t^5+ t^6
12n_544,12,3,3,4,2-12*t+ 28*t^2-35*t^3+ 28*t^4-12*t^5+ 2*t^6
12n_545,12,3,3,5,2-10*t+ 19*t^2-23*t^3+ 19*t^4-10*t^5+ 2*t^6
12n_546,12,3,3,4,2-8*t+ 14*t^2-15*t^3+ 14*t^4-8*t^5+ 2*t^6
12n_547,12,2,3,5,4-17*t+ 27*t^2-17*t^3+ 4*t^4
12n_548,12,3,3,4,1-8*t+ 20*t^2-27*t^3+ 20*t^4-8*t^5+ t^6
12n_549,12,3,3,4,1-3*t+ 6*t^2-7*t^3+ 6*t^4-3*t^5+ t^6
12n_550,12,2,3,5,2-8*t+ 13*t^2-8*t^3+ 2*t^4
12n_551,12,3,3,5,3-13*t+ 23*t^2-27*t^3+ 23*t^4-13*t^5+ 3*t^6
12n_552,12,3,3,5,1-3*t+ t^2+ t^3+ t^4-3*t^5+ t^6
12n_553,12,2,4,5,4-20*t+ 33*t^2-20*t^3+ 4*t^4
12n_554,12,2,4,6,2-7*t+ 9*t^2-7*t^3+ 2*t^4
12n_555,12,3,4,5,1-9*t+ 33*t^2-49*t^3+ 33*t^4-9*t^5+ t^6
12n_556,12,2,4,5,4-20*t+ 33*t^2-20*t^3+ 4*t^4
12n_557,12,3,3,5,3-12*t+ 21*t^2-25*t^3+ 21*t^4-12*t^5+ 3*t^6
12n_558,12,3,3,5,1-3*t+ 8*t^2-11*t^3+ 8*t^4-3*t^5+ t^6
12n_559,12,3,3,4,2-7*t+ 11*t^2-13*t^3+ 11*t^4-7*t^5+ 2*t^6
12n_560,12,3,3,4,3-14*t+ 30*t^2-39*t^3+ 30*t^4-14*t^5+ 3*t^6
12n_561,12,2,3,5,4-14*t+ 19*t^2-14*t^3+ 4*t^4
12n_562,12,2,3,5,3-9*t+ 11*t^2-9*t^3+ 3*t^4
12n_563,12,2,3,5,5-18*t+ 25*t^2-18*t^3+ 5*t^4
12n_564,12,2,3,5,2-10*t+ 15*t^2-10*t^3+ 2*t^4
12n_565,12,3,3,4,2-7*t+ 9*t^2-9*t^3+ 9*t^4-7*t^5+ 2*t^6
12n_566,12,2,3,5,4-16*t+ 23*t^2-16*t^3+ 4*t^4
12n_567,12,3,3,4,3-13*t+ 26*t^2-33*t^3+ 26*t^4-13*t^5+ 3*t^6
12n_568,12,3,3,4,3-12*t+ 24*t^2-29*t^3+ 24*t^4-12*t^5+ 3*t^6
12n_569,12,3,3,4,3-10*t+ 18*t^2-21*t^3+ 18*t^4-10*t^5+ 3*t^6
12n_570,12,4,3,3,1-3*t+ 6*t^2-8*t^3+ 9*t^4-8*t^5+ 6*t^6-3*t^7+ t^8
12n_571,12,4,3,3,1-3*t+ 4*t^2-4*t^3+ 3*t^4-4*t^5+ 4*t^6-3*t^7+ t^8
12n_572,12,3,3,4,2-7*t+ 14*t^2-17*t^3+ 14*t^4-7*t^5+ 2*t^6
12n_573,12,3,3,4,2-7*t+ 12*t^2-15*t^3+ 12*t^4-7*t^5+ 2*t^6
12n_574,12,5,3,3,1-t+ 2*t^3-3*t^4+ 3*t^5-3*t^6+ 2*t^7-t^9+ t^10
12n_575,12,4,3,4,2-3*t+ t^2+ 4*t^3-7*t^4+ 4*t^5+ t^6-3*t^7+ 2*t^8
12n_576,12,4,3,4,2-4*t+ 5*t^2-4*t^3+ 3*t^4-4*t^5+ 5*t^6-4*t^7+ 2*t^8
12n_577,12,3,3,4,1-3*t+ 6*t^2-7*t^3+ 6*t^4-3*t^5+ t^6
12n_578,12,3,3,4,3-11*t+ 20*t^2-25*t^3+ 20*t^4-11*t^5+ 3*t^6
12n_579,12,3,3,5,1-2*t-3*t^2+ 9*t^3-3*t^4-2*t^5+ t^6
12n_580,12,2,3,5,5-16*t+ 23*t^2-16*t^3+ 5*t^4
12n_581,12,3,3,5,3-5*t+ 4*t^2-3*t^3+ 4*t^4-5*t^5+ 3*t^6
12n_582,12,2,3,5,1-2*t+ 3*t^2-2*t^3+ t^4
12n_583,12,2,3,5,5-16*t+ 21*t^2-16*t^3+ 5*t^4
12n_584,12,3,3,5,1-8*t+ 22*t^2-29*t^3+ 22*t^4-8*t^5+ t^6
12n_585,12,3,3,5,4-9*t+ 10*t^2-9*t^3+ 10*t^4-9*t^5+ 4*t^6
12n_586,12,3,3,5,1-8*t+ 24*t^2-35*t^3+ 24*t^4-8*t^5+ t^6
12n_587,12,3,3,5,1-10*t+ 28*t^2-39*t^3+ 28*t^4-10*t^5+ t^6
12n_588,12,3,3,4,2-9*t+ 19*t^2-25*t^3+ 19*t^4-9*t^5+ 2*t^6
12n_589,12,3,3,4,2-12*t+ 26*t^2-33*t^3+ 26*t^4-12*t^5+ 2*t^6
12n_590,12,4,3,4,1-4*t+ 4*t^2-2*t^3+ t^4-2*t^5+ 4*t^6-4*t^7+ t^8
12n_591,12,4,3,4,1-2*t^2+ 2*t^3-t^4+ 2*t^5-2*t^6+ t^8
12n_592,12,4,3,4,1-4*t+ 8*t^2-8*t^3+ 7*t^4-8*t^5+ 8*t^6-4*t^7+ t^8
12n_593,12,3,3,5,2-9*t+ 13*t^2-13*t^3+ 13*t^4-9*t^5+ 2*t^6
12n_594,12,3,3,4,2-t-5*t^2+ 9*t^3-5*t^4-t^5+ 2*t^6
12n_595,12,3,3,5,2-9*t+ 21*t^2-27*t^3+ 21*t^4-9*t^5+ 2*t^6
12n_596,12,3,3,5,3-11*t+ 21*t^2-25*t^3+ 21*t^4-11*t^5+ 3*t^6
12n_597,12,3,3,4,2-8*t+ 17*t^2-21*t^3+ 17*t^4-8*t^5+ 2*t^6
12n_598,12,3,3,5,1-8*t+ 24*t^2-33*t^3+ 24*t^4-8*t^5+ t^6
12n_599,12,4,3,4,1-4*t+ 7*t^2-10*t^3+ 11*t^4-10*t^5+ 7*t^6-4*t^7+ t^8
12n_600,12,3,3,5,4-9*t+ 12*t^2-13*t^3+ 12*t^4-9*t^5+ 4*t^6
12n_601,12,3,3,5,1-3*t+ 6*t^2-7*t^3+ 6*t^4-3*t^5+ t^6
12n_602,12,3,3,5,1-9*t+ 24*t^2-31*t^3+ 24*t^4-9*t^5+ t^6
12n_603,12,4,3,4,1-4*t+ 4*t^2-3*t^4+ 4*t^6-4*t^7+ t^8
12n_604,12,4,3,3,1-4*t+ 10*t^2-16*t^3+ 19*t^4-16*t^5+ 10*t^6-4*t^7+ t^8
12n_605,12,4,3,4,1-2*t+ 4*t^3-7*t^4+ 4*t^5-2*t^7+ t^8
12n_606,12,3,3,4,2-8*t+ 18*t^2-23*t^3+ 18*t^4-8*t^5+ 2*t^6
12n_607,12,3,3,4,2-7*t+ 13*t^2-15*t^3+ 13*t^4-7*t^5+ 2*t^6
12n_608,12,2,3,5,3-10*t+ 15*t^2-10*t^3+ 3*t^4
12n_609,12,4,3,4,1-4*t+ 7*t^2-6*t^3+ 5*t^4-6*t^5+ 7*t^6-4*t^7+ t^8
12n_610,12,4,3,4,1-4*t+ 8*t^2-12*t^3+ 15*t^4-12*t^5+ 8*t^6-4*t^7+ t^8
12n_611,12,3,3,5,2-9*t+ 17*t^2-19*t^3+ 17*t^4-9*t^5+ 2*t^6
12n_612,12,3,3,5,1-9*t+ 23*t^2-29*t^3+ 23*t^4-9*t^5+ t^6
12n_613,12,4,3,5,1-6*t+ 15*t^2-23*t^3+ 27*t^4-23*t^5+ 15*t^6-6*t^7+ t^8
12n_614,12,3,3,5,1-6*t+ 17*t^2-25*t^3+ 17*t^4-6*t^5+ t^6
12n_615,12,4,3,5,1-6*t+ 15*t^2-19*t^3+ 17*t^4-19*t^5+ 15*t^6-6*t^7+ t^8
12n_616,12,3,3,5,1-6*t+ 15*t^2-21*t^3+ 15*t^4-6*t^5+ t^6
12n_617,12,3,3,5,1-3*t+ 3*t^3-3*t^5+ t^6
12n_618,12,4,3,5,1-6*t+ 15*t^2-21*t^3+ 21*t^4-21*t^5+ 15*t^6-6*t^7+ t^8
12n_619,12,4,3,5,1-6*t+ 14*t^2-15*t^3+ 13*t^4-15*t^5+ 14*t^6-6*t^7+ t^8
12n_620,12,3,3,5,2-13*t+ 34*t^2-45*t^3+ 34*t^4-13*t^5+ 2*t^6
12n_621,12,3,3,5,1-7*t+ 23*t^2-33*t^3+ 23*t^4-7*t^5+ t^6
12n_622,12,4,3,5,1-6*t+ 14*t^2-19*t^3+ 19*t^4-19*t^5+ 14*t^6-6*t^7+ t^8
12n_623,12,4,3,5,1-5*t+ 10*t^2-8*t^3+ 5*t^4-8*t^5+ 10*t^6-5*t^7+ t^8
12n_624,12,4,3,4,1-3*t+ 6*t^3-9*t^4+ 6*t^5-3*t^7+ t^8
12n_625,12,4,3,5,1-5*t+ 12*t^2-18*t^3+ 19*t^4-18*t^5+ 12*t^6-5*t^7+ t^8
12n_626,12,3,3,5,2-15*t+ 36*t^2-47*t^3+ 36*t^4-15*t^5+ 2*t^6
12n_627,12,4,3,4,1-4*t+ 12*t^2-25*t^3+ 33*t^4-25*t^5+ 12*t^6-4*t^7+ t^8
12n_628,12,3,3,5,1-8*t+ 25*t^2-37*t^3+ 25*t^4-8*t^5+ t^6
12n_629,12,3,3,5,1-4*t+ 6*t^2-5*t^3+ 6*t^4-4*t^5+ t^6
12n_630,12,3,3,5,1-4*t+ 3*t^2+ t^3+ 3*t^4-4*t^5+ t^6
12n_631,12,3,3,5,1-6*t+ 19*t^2-29*t^3+ 19*t^4-6*t^5+ t^6
12n_632,12,4,3,5,1-7*t+ 19*t^2-30*t^3+ 33*t^4-30*t^5+ 19*t^6-7*t^7+ t^8
12n_633,12,3,3,4,2-10*t+ 22*t^2-29*t^3+ 22*t^4-10*t^5+ 2*t^6
12n_634,12,3,3,5,1-5*t+ 11*t^2-13*t^3+ 11*t^4-5*t^5+ t^6
12n_635,12,4,3,5,1-7*t+ 19*t^2-32*t^3+ 39*t^4-32*t^5+ 19*t^6-7*t^7+ t^8
12n_636,12,3,3,5,1-7*t+ 19*t^2-27*t^3+ 19*t^4-7*t^5+ t^6
12n_637,12,3,3,5,2-13*t+ 32*t^2-41*t^3+ 32*t^4-13*t^5+ 2*t^6
12n_638,12,3,3,4,2-3*t+ 2*t^2-t^3+ 2*t^4-3*t^5+ 2*t^6
12n_639,12,4,3,4,1-4*t+ 5*t^2-5*t^3+ 5*t^4-5*t^5+ 5*t^6-4*t^7+ t^8
12n_640,12,4,3,3,1-3*t^2+ 7*t^3-9*t^4+ 7*t^5-3*t^6+ t^8
12n_641,12,4,3,4,1-4*t+ 9*t^2-13*t^3+ 15*t^4-13*t^5+ 9*t^6-4*t^7+ t^8
12n_642,12,2,4,5,1+ 7*t-15*t^2+ 7*t^3+ t^4
12n_643,12,3,3,5,2-8*t+ 10*t^2-9*t^3+ 10*t^4-8*t^5+ 2*t^6
12n_644,12,3,3,4,2-2*t+ t^3-2*t^5+ 2*t^6
12n_645,12,3,3,5,2-8*t+ 16*t^2-19*t^3+ 16*t^4-8*t^5+ 2*t^6
12n_646,12,4,3,4,1-5*t+ 12*t^2-21*t^3+ 25*t^4-21*t^5+ 12*t^6-5*t^7+ t^8
12n_647,12,4,3,3,1-3*t^2+ 6*t^3-7*t^4+ 6*t^5-3*t^6+ t^8
12n_648,12,4,3,4,1-4*t+ 3*t^2+ t^3-3*t^4+ t^5+ 3*t^6-4*t^7+ t^8
12n_649,12,4,3,4,1-5*t+ 11*t^2-14*t^3+ 15*t^4-14*t^5+ 11*t^6-5*t^7+ t^8
12n_650,12,2,3,4,1-4*t+ 7*t^2-4*t^3+ t^4
12n_651,12,3,3,5,2-11*t+ 28*t^2-37*t^3+ 28*t^4-11*t^5+ 2*t^6
12n_652,12,4,3,4,1-5*t+ 15*t^2-30*t^3+ 37*t^4-30*t^5+ 15*t^6-5*t^7+ t^8
12n_653,12,4,3,4,1-4*t+ 5*t^2-6*t^3+ 7*t^4-6*t^5+ 5*t^6-4*t^7+ t^8
12n_654,12,3,3,5,2-8*t+ 9*t^2-7*t^3+ 9*t^4-8*t^5+ 2*t^6
12n_655,12,3,3,4,2-2*t-t^2+ 3*t^3-t^4-2*t^5+ 2*t^6
12n_656,12,3,3,5,2-10*t+ 23*t^2-29*t^3+ 23*t^4-10*t^5+ 2*t^6
12n_657,12,4,3,4,1-4*t+ 9*t^2-16*t^3+ 21*t^4-16*t^5+ 9*t^6-4*t^7+ t^8
12n_658,12,4,3,4,1-5*t+ 12*t^2-17*t^3+ 19*t^4-17*t^5+ 12*t^6-5*t^7+ t^8
12n_659,12,3,3,5,2-10*t+ 16*t^2-17*t^3+ 16*t^4-10*t^5+ 2*t^6
12n_660,12,3,3,4,1+ 3*t-12*t^2+ 17*t^3-12*t^4+ 3*t^5+ t^6
12n_661,12,3,3,5,2-6*t+ 5*t^2-3*t^3+ 5*t^4-6*t^5+ 2*t^6
12n_662,12,3,3,5,2-8*t+ 13*t^2-13*t^3+ 13*t^4-8*t^5+ 2*t^6
12n_663,12,4,3,5,1-6*t+ 15*t^2-23*t^3+ 25*t^4-23*t^5+ 15*t^6-6*t^7+ t^8
12n_664,12,4,3,5,1-7*t+ 20*t^2-34*t^3+ 41*t^4-34*t^5+ 20*t^6-7*t^7+ t^8
12n_665,12,3,3,5,2-10*t+ 15*t^2-10*t^3+ 2*t^4
12n_666,12,4,3,3,1-4*t+ 10*t^2-16*t^3+ 19*t^4-16*t^5+ 10*t^6-4*t^7+ t^8
12n_667,12,3,3,4,2-8*t+ 17*t^2-21*t^3+ 17*t^4-8*t^5+ 2*t^6
12n_668,12,4,3,4,1-5*t+ 13*t^2-21*t^3+ 25*t^4-21*t^5+ 13*t^6-5*t^7+ t^8
12n_669,12,3,3,5,2-10*t+ 23*t^2-29*t^3+ 23*t^4-10*t^5+ 2*t^6
12n_670,12,4,3,4,1-2*t+ 3*t^2-4*t^3+ 5*t^4-4*t^5+ 3*t^6-2*t^7+ t^8
12n_671,12,4,3,4,1-6*t+ 13*t^2-18*t^3+ 19*t^4-18*t^5+ 13*t^6-6*t^7+ t^8
12n_672,12,3,3,5,1-4*t+ 12*t^2-17*t^3+ 12*t^4-4*t^5+ t^6
12n_673,12,4,3,4,1-t+ t^4-t^7+ t^8
12n_674,12,4,3,3,1-5*t+ 10*t^2-14*t^3+ 15*t^4-14*t^5+ 10*t^6-5*t^7+ t^8
12n_675,12,4,3,3,1-3*t+ 6*t^2-8*t^3+ 9*t^4-8*t^5+ 6*t^6-3*t^7+ t^8
12n_676,12,3,3,5,2-2*t-4*t^2+ 9*t^3-4*t^4-2*t^5+ 2*t^6
12n_677,12,3,3,4,2-10*t+ 20*t^2-25*t^3+ 20*t^4-10*t^5+ 2*t^6
12n_678,12,3,3,4,2-8*t+ 18*t^2-23*t^3+ 18*t^4-8*t^5+ 2*t^6
12n_679,12,5,3,3,1-t-t^2+ 4*t^3-6*t^4+ 7*t^5-6*t^6+ 4*t^7-t^8-t^9+ t^10
12n_680,12,4,3,4,2-3*t-t^2+ 8*t^3-11*t^4+ 8*t^5-t^6-3*t^7+ 2*t^8
12n_681,12,4,3,4,1-2*t+ 3*t^2-4*t^3+ 5*t^4-4*t^5+ 3*t^6-2*t^7+ t^8
12n_682,12,4,3,4,1-6*t+ 13*t^2-18*t^3+ 19*t^4-18*t^5+ 13*t^6-6*t^7+ t^8
12n_683,12,4,3,3,1-4*t+ 11*t^2-18*t^3+ 21*t^4-18*t^5+ 11*t^6-4*t^7+ t^8
12n_684,12,4,3,3,1-4*t+ 10*t^2-15*t^3+ 17*t^4-15*t^5+ 10*t^6-4*t^7+ t^8
12n_685,12,3,3,4,2-8*t+ 18*t^2-23*t^3+ 18*t^4-8*t^5+ 2*t^6
12n_686,12,4,3,4,1-5*t+ 13*t^2-19*t^3+ 21*t^4-19*t^5+ 13*t^6-5*t^7+ t^8
12n_687,12,3,3,5,2-10*t+ 25*t^2-33*t^3+ 25*t^4-10*t^5+ 2*t^6
12n_688,12,5,3,3,1-t-t^2+ 5*t^3-9*t^4+ 11*t^5-9*t^6+ 5*t^7-t^8-t^9+ t^10
12n_689,12,4,3,4,2-3*t+ 5*t^3-7*t^4+ 5*t^5-3*t^7+ 2*t^8
12n_690,12,3,3,5,1+ 2*t-12*t^2+ 19*t^3-12*t^4+ 2*t^5+ t^6
12n_691,12,4,3,4,2-3*t-2*t^2+ 12*t^3-17*t^4+ 12*t^5-2*t^6-3*t^7+ 2*t^8
12n_692,12,4,3,4,2-3*t-2*t^2+ 12*t^3-17*t^4+ 12*t^5-2*t^6-3*t^7+ 2*t^8
12n_693,12,4,3,5,1-4*t+ 2*t^2+ 7*t^3-13*t^4+ 7*t^5+ 2*t^6-4*t^7+ t^8
12n_694,12,4,3,4,1-4*t^2+ 9*t^3-11*t^4+ 9*t^5-4*t^6+ t^8
12n_695,12,4,3,4,1-4*t+ 10*t^2-17*t^3+ 21*t^4-17*t^5+ 10*t^6-4*t^7+ t^8
12n_696,12,4,3,5,1-4*t+ 2*t^2+ 7*t^3-13*t^4+ 7*t^5+ 2*t^6-4*t^7+ t^8
12n_697,12,4,3,5,1-4*t+ 6*t^2-t^3-3*t^4-t^5+ 6*t^6-4*t^7+ t^8
12n_698,12,3,3,4,2-12*t+ 25*t^2-31*t^3+ 25*t^4-12*t^5+ 2*t^6
12n_699,12,2,3,5,2-12*t+ 19*t^2-12*t^3+ 2*t^4
12n_700,12,3,3,4,2-11*t+ 21*t^2-25*t^3+ 21*t^4-11*t^5+ 2*t^6
12n_701,12,2,3,5,3-16*t+ 25*t^2-16*t^3+ 3*t^4
12n_702,12,3,3,4,2-12*t+ 28*t^2-37*t^3+ 28*t^4-12*t^5+ 2*t^6
12n_703,12,4,3,4,1-5*t+ 11*t^2-13*t^3+ 13*t^4-13*t^5+ 11*t^6-5*t^7+ t^8
12n_704,12,2,3,5,4-15*t+ 23*t^2-15*t^3+ 4*t^4
12n_705,12,3,3,5,1-9*t+ 26*t^2-37*t^3+ 26*t^4-9*t^5+ t^6
12n_706,12,4,3,5,1-4*t+ 6*t^2-8*t^3+ 11*t^4-8*t^5+ 6*t^6-4*t^7+ t^8
12n_707,12,4,3,3,1-4*t+ 11*t^2-17*t^3+ 19*t^4-17*t^5+ 11*t^6-4*t^7+ t^8
12n_708,12,4,3,3,1-3*t+ 6*t^2-9*t^3+ 11*t^4-9*t^5+ 6*t^6-3*t^7+ t^8
12n_709,12,4,3,3,1-4*t+ 8*t^2-11*t^3+ 13*t^4-11*t^5+ 8*t^6-4*t^7+ t^8
12n_710,12,3,3,4,2-10*t+ 22*t^2-27*t^3+ 22*t^4-10*t^5+ 2*t^6
12n_711,12,4,3,4,1-5*t+ 13*t^2-23*t^3+ 29*t^4-23*t^5+ 13*t^6-5*t^7+ t^8
12n_712,12,3,3,4,3-13*t+ 27*t^2-33*t^3+ 27*t^4-13*t^5+ 3*t^6
12n_713,12,3,3,4,3-11*t+ 20*t^2-23*t^3+ 20*t^4-11*t^5+ 3*t^6
12n_714,12,3,3,4,3-14*t+ 30*t^2-37*t^3+ 30*t^4-14*t^5+ 3*t^6
12n_715,12,2,3,5,6-22*t+ 33*t^2-22*t^3+ 6*t^4
12n_716,12,3,3,4,2-9*t+ 18*t^2-21*t^3+ 18*t^4-9*t^5+ 2*t^6
12n_717,12,3,3,4,1-4*t+ 12*t^2-17*t^3+ 12*t^4-4*t^5+ t^6
12n_718,12,3,3,4,2-7*t+ 12*t^2-13*t^3+ 12*t^4-7*t^5+ 2*t^6
12n_719,12,3,3,4,1-5*t+ 13*t^2-17*t^3+ 13*t^4-5*t^5+ t^6
12n_720,12,3,3,5,2-11*t+ 23*t^2-29*t^3+ 23*t^4-11*t^5+ 2*t^6
12n_721,12,4,3,3,1-2*t+ 3*t^2-4*t^3+ 5*t^4-4*t^5+ 3*t^6-2*t^7+ t^8
12n_722,12,4,3,3,1-4*t+ 7*t^2-10*t^3+ 11*t^4-10*t^5+ 7*t^6-4*t^7+ t^8
12n_723,12,3,3,4,2-4*t+ 3*t^2-t^3+ 3*t^4-4*t^5+ 2*t^6
12n_724,12,3,3,4,2-8*t+ 13*t^2-15*t^3+ 13*t^4-8*t^5+ 2*t^6
12n_725,12,5,3,3,1-t+ t^3-2*t^4+ 3*t^5-2*t^6+ t^7-t^9+ t^10
12n_726,12,2,3,5,4-16*t+ 23*t^2-16*t^3+ 4*t^4
12n_727,12,3,3,5,2-10*t+ 21*t^2-25*t^3+ 21*t^4-10*t^5+ 2*t^6
12n_728,12,4,3,4,1-5*t+ 13*t^2-22*t^3+ 25*t^4-22*t^5+ 13*t^6-5*t^7+ t^8
12n_729,12,3,3,4,2-9*t+ 16*t^2-19*t^3+ 16*t^4-9*t^5+ 2*t^6
12n_730,12,3,3,4,1-4*t+ 11*t^2-15*t^3+ 11*t^4-4*t^5+ t^6
12n_731,12,3,3,5,2-11*t+ 28*t^2-39*t^3+ 28*t^4-11*t^5+ 2*t^6
12n_732,12,3,3,5,1-9*t+ 28*t^2-39*t^3+ 28*t^4-9*t^5+ t^6
12n_733,12,3,3,5,2-12*t+ 31*t^2-41*t^3+ 31*t^4-12*t^5+ 2*t^6
12n_734,12,3,3,4,2-10*t+ 19*t^2-23*t^3+ 19*t^4-10*t^5+ 2*t^6
12n_735,12,2,3,5,4-18*t+ 27*t^2-18*t^3+ 4*t^4
12n_736,12,3,3,5,2-13*t+ 36*t^2-49*t^3+ 36*t^4-13*t^5+ 2*t^6
12n_737,12,3,3,4,2-7*t+ 9*t^2-9*t^3+ 9*t^4-7*t^5+ 2*t^6
12n_738,12,3,3,4,2-13*t+ 30*t^2-39*t^3+ 30*t^4-13*t^5+ 2*t^6
12n_739,12,4,3,4,1-4*t+ 5*t^2+ t^3-5*t^4+ t^5+ 5*t^6-4*t^7+ t^8
12n_740,12,3,3,4,2-10*t+ 24*t^2-33*t^3+ 24*t^4-10*t^5+ 2*t^6
12n_741,12,3,3,4,3-11*t+ 21*t^2-25*t^3+ 21*t^4-11*t^5+ 3*t^6
12n_742,12,3,3,4,2-9*t+ 21*t^2-27*t^3+ 21*t^4-9*t^5+ 2*t^6
12n_743,12,2,3,5,6-21*t+ 31*t^2-21*t^3+ 6*t^4
12n_744,12,3,3,5,2-9*t+ 15*t^2-17*t^3+ 15*t^4-9*t^5+ 2*t^6
12n_745,12,3,3,5,1-10*t+ 30*t^2-43*t^3+ 30*t^4-10*t^5+ t^6
12n_746,12,3,3,5,2-11*t+ 28*t^2-37*t^3+ 28*t^4-11*t^5+ 2*t^6
12n_747,12,4,3,3,1-5*t+ 13*t^2-20*t^3+ 23*t^4-20*t^5+ 13*t^6-5*t^7+ t^8
12n_748,12,4,3,3,1-4*t+ 9*t^2-16*t^3+ 19*t^4-16*t^5+ 9*t^6-4*t^7+ t^8
12n_749,12,3,3,3,1-t+ t^2-t^3+ t^4-t^5+ t^6
12n_750,12,3,3,3,2-5*t+ 7*t^2-5*t^3+ 2*t^4
12n_751,12,4,3,3,1-4*t+ 9*t^2-13*t^3+ 15*t^4-13*t^5+ 9*t^6-4*t^7+ t^8
12n_752,12,3,3,4,2-9*t+ 20*t^2-25*t^3+ 20*t^4-9*t^5+ 2*t^6
12n_753,12,3,3,4,2-11*t+ 24*t^2-31*t^3+ 24*t^4-11*t^5+ 2*t^6
12n_754,12,4,3,4,1-5*t+ 13*t^2-21*t^3+ 25*t^4-21*t^5+ 13*t^6-5*t^7+ t^8
12n_755,12,3,3,5,1-10*t+ 29*t^2-39*t^3+ 29*t^4-10*t^5+ t^6
12n_756,12,3,3,5,2-10*t+ 23*t^2-29*t^3+ 23*t^4-10*t^5+ 2*t^6
12n_757,12,3,3,5,1-9*t+ 28*t^2-39*t^3+ 28*t^4-9*t^5+ t^6
12n_758,12,3,3,5,5-14*t+ 21*t^2-23*t^3+ 21*t^4-14*t^5+ 5*t^6
12n_759,12,2,3,5,7-28*t+ 41*t^2-28*t^3+ 7*t^4
12n_760,12,3,3,5,2-11*t+ 29*t^2-41*t^3+ 29*t^4-11*t^5+ 2*t^6
12n_761,12,4,3,5,1-5*t+ 10*t^2-10*t^3+ 9*t^4-10*t^5+ 10*t^6-5*t^7+ t^8
12n_762,12,4,3,5,1-5*t+ 10*t^2-12*t^3+ 13*t^4-12*t^5+ 10*t^6-5*t^7+ t^8
12n_763,12,3,3,5,1-12*t+ 36*t^2-51*t^3+ 36*t^4-12*t^5+ t^6
12n_764,12,3,3,4,3-5*t+ 3*t^2-t^3+ 3*t^4-5*t^5+ 3*t^6
12n_765,12,3,3,5,3-15*t+ 31*t^2-39*t^3+ 31*t^4-15*t^5+ 3*t^6
12n_766,12,3,3,5,3-13*t+ 21*t^2-23*t^3+ 21*t^4-13*t^5+ 3*t^6
12n_767,12,4,3,3,1-4*t+ 9*t^2-15*t^3+ 17*t^4-15*t^5+ 9*t^6-4*t^7+ t^8
12n_768,12,3,3,4,1-3*t+ 5*t^2-7*t^3+ 5*t^4-3*t^5+ t^6
12n_769,12,3,3,4,2-8*t+ 20*t^2-27*t^3+ 20*t^4-8*t^5+ 2*t^6
12n_770,12,3,3,4,3-16*t+ 35*t^2-45*t^3+ 35*t^4-16*t^5+ 3*t^6
12n_771,12,3,3,4,2-10*t+ 24*t^2-31*t^3+ 24*t^4-10*t^5+ 2*t^6
12n_772,12,3,3,4,3-13*t+ 29*t^2-37*t^3+ 29*t^4-13*t^5+ 3*t^6
12n_773,12,3,3,4,3-11*t+ 19*t^2-23*t^3+ 19*t^4-11*t^5+ 3*t^6
12n_774,12,2,3,5,4-13*t+ 17*t^2-13*t^3+ 4*t^4
12n_775,12,4,3,5,1-6*t+ 17*t^2-27*t^3+ 29*t^4-27*t^5+ 17*t^6-6*t^7+ t^8
12n_776,12,4,3,5,1-6*t+ 15*t^2-21*t^3+ 21*t^4-21*t^5+ 15*t^6-6*t^7+ t^8
12n_777,12,3,3,4,2-8*t+ 14*t^2-17*t^3+ 14*t^4-8*t^5+ 2*t^6
12n_778,12,3,3,4,3-11*t+ 18*t^2-21*t^3+ 18*t^4-11*t^5+ 3*t^6
12n_779,12,3,3,4,2-11*t+ 26*t^2-33*t^3+ 26*t^4-11*t^5+ 2*t^6
12n_780,12,3,3,5,1-8*t+ 19*t^2-25*t^3+ 19*t^4-8*t^5+ t^6
12n_781,12,4,3,4,1-4*t+ 10*t^2-19*t^3+ 25*t^4-19*t^5+ 10*t^6-4*t^7+ t^8
12n_782,12,3,3,4,2-8*t+ 18*t^2-25*t^3+ 18*t^4-8*t^5+ 2*t^6
12n_783,12,3,3,5,2-11*t+ 30*t^2-41*t^3+ 30*t^4-11*t^5+ 2*t^6
12n_784,12,4,3,5,1-6*t+ 15*t^2-25*t^3+ 29*t^4-25*t^5+ 15*t^6-6*t^7+ t^8
12n_785,12,2,3,5,6-23*t+ 33*t^2-23*t^3+ 6*t^4
12n_786,12,3,3,5,2-12*t+ 33*t^2-45*t^3+ 33*t^4-12*t^5+ 2*t^6
12n_787,12,4,3,4,1-4*t+ 9*t^2-14*t^3+ 15*t^4-14*t^5+ 9*t^6-4*t^7+ t^8
12n_788,12,3,3,5,2-10*t+ 25*t^2-35*t^3+ 25*t^4-10*t^5+ 2*t^6
12n_789,12,3,3,5,2-9*t+ 20*t^2-27*t^3+ 20*t^4-9*t^5+ 2*t^6
12n_790,12,4,3,4,1-5*t+ 15*t^2-28*t^3+ 35*t^4-28*t^5+ 15*t^6-5*t^7+ t^8
12n_791,12,4,3,4,1-5*t+ 13*t^2-18*t^3+ 19*t^4-18*t^5+ 13*t^6-5*t^7+ t^8
12n_792,12,4,3,4,1-4*t+ 10*t^2-16*t^3+ 17*t^4-16*t^5+ 10*t^6-4*t^7+ t^8
12n_793,12,3,3,4,3-9*t+ 12*t^2-13*t^3+ 12*t^4-9*t^5+ 3*t^6
12n_794,12,3,3,5,2-9*t+ 23*t^2-33*t^3+ 23*t^4-9*t^5+ 2*t^6
12n_795,12,2,3,5,6-20*t+ 27*t^2-20*t^3+ 6*t^4
12n_796,12,3,3,4,2-11*t+ 22*t^2-27*t^3+ 22*t^4-11*t^5+ 2*t^6
12n_797,12,2,3,5,3-15*t+ 23*t^2-15*t^3+ 3*t^4
12n_798,12,3,3,5,1-7*t+ 22*t^2-31*t^3+ 22*t^4-7*t^5+ t^6
12n_799,12,3,3,5,2-13*t+ 32*t^2-41*t^3+ 32*t^4-13*t^5+ 2*t^6
12n_800,12,4,3,4,1-5*t+ 13*t^2-24*t^3+ 29*t^4-24*t^5+ 13*t^6-5*t^7+ t^8
12n_801,12,2,3,4,1-5*t+ 7*t^2-5*t^3+ t^4
12n_802,12,4,3,4,1-5*t+ 14*t^2-25*t^3+ 31*t^4-25*t^5+ 14*t^6-5*t^7+ t^8
12n_803,12,4,3,4,1-5*t+ 14*t^2-21*t^3+ 23*t^4-21*t^5+ 14*t^6-5*t^7+ t^8
12n_804,12,4,3,4,1-4*t+ 11*t^2-20*t^3+ 23*t^4-20*t^5+ 11*t^6-4*t^7+ t^8
12n_805,12,3,3,5,2-8*t+ 19*t^2-27*t^3+ 19*t^4-8*t^5+ 2*t^6
12n_806,12,3,3,4,4-10*t+ 12*t^2-11*t^3+ 12*t^4-10*t^5+ 4*t^6
12n_807,12,3,3,4,2-8*t+ 12*t^2-13*t^3+ 12*t^4-8*t^5+ 2*t^6
12n_808,12,3,3,4,2-8*t+ 11*t^2-8*t^3+ 2*t^4
12n_809,12,2,3,5,2-4*t+ 3*t^2-4*t^3+ 2*t^4
12n_810,12,3,3,5,2-8*t+ 12*t^2-11*t^3+ 12*t^4-8*t^5+ 2*t^6
12n_811,12,3,3,4,2-7*t+ 14*t^2-17*t^3+ 14*t^4-7*t^5+ 2*t^6
12n_812,12,3,3,4,1-2*t+ 3*t^2-2*t^3+ t^4
12n_813,12,3,3,5,2-9*t+ 18*t^2-23*t^3+ 18*t^4-9*t^5+ 2*t^6
12n_814,12,2,3,5,6-24*t+ 35*t^2-24*t^3+ 6*t^4
12n_815,12,2,3,4,1-2*t+ t^2-2*t^3+ t^4
12n_816,12,3,3,5,2-11*t+ 26*t^2-35*t^3+ 26*t^4-11*t^5+ 2*t^6
12n_817,12,3,3,4,2-6*t+ 10*t^2-13*t^3+ 10*t^4-6*t^5+ 2*t^6
12n_818,12,3,3,5,1-9*t+ 22*t^2-27*t^3+ 22*t^4-9*t^5+ t^6
12n_819,12,3,3,4,3-12*t+ 24*t^2-29*t^3+ 24*t^4-12*t^5+ 3*t^6
12n_820,12,4,3,3,1-6*t+ 12*t^2-17*t^3+ 19*t^4-17*t^5+ 12*t^6-6*t^7+ t^8
12n_821,12,4,3,3,1-3*t+ 5*t^2-6*t^3+ 5*t^4-6*t^5+ 5*t^6-3*t^7+ t^8
12n_822,12,4,3,3,1-3*t+ 6*t^2-11*t^3+ 13*t^4-11*t^5+ 6*t^6-3*t^7+ t^8
12n_823,12,3,3,4,2-12*t+ 24*t^2-29*t^3+ 24*t^4-12*t^5+ 2*t^6
12n_824,12,3,3,4,2-7*t+ 14*t^2-19*t^3+ 14*t^4-7*t^5+ 2*t^6
12n_825,12,3,3,4,2-6*t+ 9*t^2-11*t^3+ 9*t^4-6*t^5+ 2*t^6
12n_826,12,3,3,5,1-9*t+ 24*t^2-31*t^3+ 24*t^4-9*t^5+ t^6
12n_827,12,4,3,4,1-5*t+ 14*t^2-25*t^3+ 29*t^4-25*t^5+ 14*t^6-5*t^7+ t^8
12n_828,12,3,3,4,3-12*t+ 24*t^2-31*t^3+ 24*t^4-12*t^5+ 3*t^6
12n_829,12,4,3,3,1-5*t+ 11*t^2-18*t^3+ 21*t^4-18*t^5+ 11*t^6-5*t^7+ t^8
12n_830,12,3,3,3,2-4*t+ 5*t^2-4*t^3+ 2*t^4
12n_831,12,4,3,3,1-5*t+ 12*t^2-20*t^3+ 23*t^4-20*t^5+ 12*t^6-5*t^7+ t^8
12n_832,12,3,3,4,3-13*t+ 23*t^2-27*t^3+ 23*t^4-13*t^5+ 3*t^6
12n_833,12,3,3,4,3-11*t+ 22*t^2-27*t^3+ 22*t^4-11*t^5+ 3*t^6
12n_834,12,3,3,5,2-12*t+ 26*t^2-33*t^3+ 26*t^4-12*t^5+ 2*t^6
12n_835,12,3,3,4,1-4*t^2+ 7*t^3-4*t^4+ t^6
12n_836,12,3,3,4,2-12*t+ 27*t^2-35*t^3+ 27*t^4-12*t^5+ 2*t^6
12n_837,12,4,3,5,1-7*t+ 21*t^2-35*t^3+ 41*t^4-35*t^5+ 21*t^6-7*t^7+ t^8
12n_838,12,2,3,5,1-6*t+ 11*t^2-6*t^3+ t^4
12n_839,12,4,3,5,1-7*t+ 18*t^2-23*t^3+ 23*t^4-23*t^5+ 18*t^6-7*t^7+ t^8
12n_840,12,4,3,5,1-6*t+ 16*t^2-24*t^3+ 25*t^4-24*t^5+ 16*t^6-6*t^7+ t^8
12n_841,12,3,3,5,2-9*t+ 18*t^2-23*t^3+ 18*t^4-9*t^5+ 2*t^6
12n_842,12,4,3,5,1-7*t+ 21*t^2-38*t^3+ 47*t^4-38*t^5+ 21*t^6-7*t^7+ t^8
12n_843,12,3,3,5,3-15*t+ 34*t^2-43*t^3+ 34*t^4-15*t^5+ 3*t^6
12n_844,12,3,3,6,3-12*t+ 16*t^2-13*t^3+ 16*t^4-12*t^5+ 3*t^6
12n_845,12,3,3,4,3-12*t+ 22*t^2-25*t^3+ 22*t^4-12*t^5+ 3*t^6
12n_846,12,2,3,5,5-20*t+ 31*t^2-20*t^3+ 5*t^4
12n_847,12,3,3,5,1-7*t+ 18*t^2-23*t^3+ 18*t^4-7*t^5+ t^6
12n_848,12,4,3,4,1-5*t+ 12*t^2-16*t^3+ 17*t^4-16*t^5+ 12*t^6-5*t^7+ t^8
12n_849,12,3,3,4,3-17*t+ 37*t^2-47*t^3+ 37*t^4-17*t^5+ 3*t^6
12n_850,12,4,3,3,1-2*t^2+ 4*t^3-5*t^4+ 4*t^5-2*t^6+ t^8
12n_851,12,3,3,4,2-t-3*t^2+ 5*t^3-3*t^4-t^5+ 2*t^6
12n_852,12,4,3,4,1-5*t+ 14*t^2-26*t^3+ 33*t^4-26*t^5+ 14*t^6-5*t^7+ t^8
12n_853,12,3,3,4,3-13*t+ 28*t^2-37*t^3+ 28*t^4-13*t^5+ 3*t^6
12n_854,12,3,3,5,3-14*t+ 33*t^2-43*t^3+ 33*t^4-14*t^5+ 3*t^6
12n_855,12,3,3,4,3-10*t+ 18*t^2-23*t^3+ 18*t^4-10*t^5+ 3*t^6
12n_856,12,2,3,5,5-14*t+ 17*t^2-14*t^3+ 5*t^4
12n_857,12,4,3,5,1-6*t+ 17*t^2-29*t^3+ 33*t^4-29*t^5+ 17*t^6-6*t^7+ t^8
12n_858,12,3,3,5,2-11*t+ 26*t^2-33*t^3+ 26*t^4-11*t^5+ 2*t^6
12n_859,12,4,3,5,1-6*t+ 16*t^2-31*t^3+ 41*t^4-31*t^5+ 16*t^6-6*t^7+ t^8
12n_860,12,3,3,4,3-15*t+ 33*t^2-41*t^3+ 33*t^4-15*t^5+ 3*t^6
12n_861,12,3,3,4,2-9*t+ 22*t^2-29*t^3+ 22*t^4-9*t^5+ 2*t^6
12n_862,12,3,3,4,3-13*t+ 29*t^2-37*t^3+ 29*t^4-13*t^5+ 3*t^6
12n_863,12,3,3,4,3-16*t+ 33*t^2-41*t^3+ 33*t^4-16*t^5+ 3*t^6
12n_864,12,4,3,4,1-5*t+ 15*t^2-28*t^3+ 33*t^4-28*t^5+ 15*t^6-5*t^7+ t^8
12n_865,12,4,3,4,1-4*t+ 11*t^2-21*t^3+ 25*t^4-21*t^5+ 11*t^6-4*t^7+ t^8
12n_866,12,4,3,4,1-5*t+ 15*t^2-30*t^3+ 39*t^4-30*t^5+ 15*t^6-5*t^7+ t^8
12n_867,12,3,3,4,2-14*t+ 31*t^2-39*t^3+ 31*t^4-14*t^5+ 2*t^6
12n_868,12,2,3,4,2-8*t+ 13*t^2-8*t^3+ 2*t^4
12n_869,12,3,3,5,2-12*t+ 32*t^2-43*t^3+ 32*t^4-12*t^5+ 2*t^6
12n_870,12,3,3,5,1-3*t+ 5*t^2-7*t^3+ 5*t^4-3*t^5+ t^6
12n_871,12,3,3,5,1-9*t+ 29*t^2-41*t^3+ 29*t^4-9*t^5+ t^6
12n_872,12,4,3,5,1-6*t+ 16*t^2-27*t^3+ 31*t^4-27*t^5+ 16*t^6-6*t^7+ t^8
12n_873,12,4,3,5,1-5*t+ 10*t^2-16*t^3+ 21*t^4-16*t^5+ 10*t^6-5*t^7+ t^8
12n_874,12,4,3,4,1-5*t+ 14*t^2-26*t^3+ 31*t^4-26*t^5+ 14*t^6-5*t^7+ t^8
12n_875,12,4,3,4,1-4*t+ 11*t^2-21*t^3+ 25*t^4-21*t^5+ 11*t^6-4*t^7+ t^8
12n_876,12,3,3,5,2-8*t+ 18*t^2-25*t^3+ 18*t^4-8*t^5+ 2*t^6
12n_877,12,4,3,5,1-7*t+ 20*t^2-32*t^3+ 35*t^4-32*t^5+ 20*t^6-7*t^7+ t^8
12n_878,12,3,3,5,1-11*t+ 34*t^2-47*t^3+ 34*t^4-11*t^5+ t^6
12n_879,12,4,3,4,1-6*t+ 17*t^2-30*t^3+ 35*t^4-30*t^5+ 17*t^6-6*t^7+ t^8
12n_880,12,3,3,4,3-14*t+ 30*t^2-39*t^3+ 30*t^4-14*t^5+ 3*t^6
12n_881,12,2,3,5,9-30*t+ 43*t^2-30*t^3+ 9*t^4
12n_882,12,4,3,3,1-6*t+ 13*t^2-19*t^3+ 21*t^4-19*t^5+ 13*t^6-6*t^7+ t^8
12n_883,12,3,3,4,3-12*t+ 22*t^2-25*t^3+ 22*t^4-12*t^5+ 3*t^6
12n_884,12,2,3,5,5-20*t+ 31*t^2-20*t^3+ 5*t^4
12n_885,12,3,3,5,2-13*t+ 35*t^2-49*t^3+ 35*t^4-13*t^5+ 2*t^6
12n_886,12,3,3,5,2-13*t+ 38*t^2-53*t^3+ 38*t^4-13*t^5+ 2*t^6
12n_887,12,4,3,3,1-6*t+ 16*t^2-25*t^3+ 29*t^4-25*t^5+ 16*t^6-6*t^7+ t^8
12n_888,12,5,3,3,1-t-t^2+ 6*t^3-11*t^4+ 13*t^5-11*t^6+ 6*t^7-t^8-t^9+ t^10